Project,Location,Grid,Waypoint,Site,Frame,Time,Period,Ptime,OpCode,Reader,Family,Genus,Species,Species_sp,Full_name,Common_name,Code,MaxN,Has_fed,Frame_in,Frame_out,Start,End,Duration,Movie,Lat,Lon
NERP 2012,Oceanic Shoals,1,WP1,1,25661,17.1073,3H,15.24,WP1,Lloyd,Carcharhinidae,Carcharhinus,limbatus/sorrah/amblyrhynchoides,,Carcharhinus limbatus/sorrah/amblyrhynchoides,Blacktip/spottail/graceful complex,37018039,1,No,1765,71097,1.18,47.4,46.22,47.4,-12.149789,127.454383
NERP 2012,Oceanic Shoals,1,WP2,2,258244,172.1627,3H,167.4953,WP2,Lloyd,Carangidae,,sp1,sp,Carangidae sp,Jacks and trevallies,,1,No,4539,303387,3.03,202.26,199.23,202.25,-12.147897,127.430234
NERP 2012,Oceanic Shoals,1,WP2,2,240397,160.2647,3H,155.5973,WP2,Lloyd,Carangidae,Decapterus,sp1,sp,Decapterus sp,Scads,,7,No,4539,303387,3.03,202.26,199.23,202.25,-12.147897,127.430234
NERP 2012,Oceanic Shoals,1,WP2,2,213687,142.458,3H,137.7907,WP2,Lloyd,Monacanthidae,Aluterus,monoceros,,Aluterus monoceros,Unicorn leatherjacket,37465022,2,No,4539,303387,3.03,202.26,199.23,202.25,-12.147897,127.430234
NERP 2012,Oceanic Shoals,1,WP3,3,105912,70.608,3H,68.9407,WP3,Lloyd,Monacanthidae,Aluterus,monoceros,,Aluterus monoceros,Unicorn leatherjacket,37465022,2,No,1133,303642,0.76,202.43,201.67,202.43,-12.155176,127.415542
NERP 2012,Oceanic Shoals,1,WP4,4,227127,151.418,3H,148.4173,WP4,Lloyd,Carangidae,Decapterus,sp1,sp,Decapterus sp,Scads,,61,No,3631,306102,2.42,204.07,201.65,204.07,-12.161122,127.40149
NERP 2012,Oceanic Shoals,1,WP4,4,220935,147.29,3H,144.2893,WP4,Lloyd,Carangidae,Seriolina,nigrofasciata,,Seriolina nigrofasciata,Blackbanded trevally,37337014,1,No,3631,306102,2.42,204.07,201.65,204.07,-12.161122,127.40149
NERP 2012,Oceanic Shoals,1,WP5,5,246886,164.5907,3H,160.5307,WP5,Lloyd,Carangidae,Decapterus,sp1,sp,Decapterus sp,Scads,,6,No,2224,298427,1.48,198.95,197.47,198.95,-12.162535,127.388566
NERP 2012,Oceanic Shoals,1,WP5,5,248049,165.366,3H,161.306,WP5,Lloyd,Carcharhinidae,Carcharhinus,limbatus/sorrah/amblyrhynchoides,,Carcharhinus limbatus/sorrah/amblyrhynchoides,Blacktip/spottail/graceful complex,37018039,1,No,2224,298427,1.48,198.95,197.47,198.95,-12.162535,127.388566
NERP 2012,Oceanic Shoals,1,WP5,5,190522,127.0147,3H,122.9547,WP5,Lloyd,Scombridae,Acanthocybium,solandri,,Acanthocybium solandri,Wahoo,37441024,1,No,2224,298427,1.48,198.95,197.47,198.95,-12.162535,127.388566
NERP 2012,Oceanic Shoals,1,WP6,6,225847,150.5647,3H,148.9073,WP6,Luciana,Carangidae,Decapterus,sp1,sp,Decapterus sp,Scads,,8,No,1576,298402,1.05,198.93,197.88,198.93,-12.180146,127.395647
NERP 2012,Oceanic Shoals,1,WP6,6,178503,119.002,3H,117.3447,WP6,Luciana,Carcharhinidae,Carcharhinus,leucas,,Carcharhinus leucas,Bull shark,37018021,1,No,1576,298402,1.05,198.93,197.88,198.93,-12.180146,127.395647
NERP 2012,Oceanic Shoals,1,WP6,6,214573,143.0487,3H,141.3913,WP6,Luciana,Carcharhinidae,Carcharhinus,limbatus/sorrah/amblyrhynchoides,,Carcharhinus limbatus/sorrah/amblyrhynchoides,Blacktip/spottail/graceful complex,37018039,1,No,1576,298402,1.05,198.93,197.88,198.93,-12.180146,127.395647
NERP 2012,Oceanic Shoals,1,WP6,6,209513,139.6753,3H,138.018,WP6,Luciana,Echeneidae,Echeneis,naucrates,,Echeneis naucrates,Sharksucker,37336001,3,No,1576,298402,1.05,198.93,197.88,198.93,-12.180146,127.395647
NERP 2012,Oceanic Shoals,1,WP7,7,156174,104.116,3H,103.1573,WP7,Luciana,Carangidae,Decapterus,sp1,sp,Decapterus sp,Scads,,1,No,721,296421,0.48,197.61,197.13,197.62,-12.174866,127.404062
NERP 2012,Oceanic Shoals,1,WP7,7,104508,69.672,3H,68.7133,WP7,Luciana,Carangidae,Seriolina,nigrofasciata,,Seriolina nigrofasciata,Blackbanded trevally,37337014,1,No,721,296421,0.48,197.61,197.13,197.62,-12.174866,127.404062
NERP 2012,Oceanic Shoals,1,WP7,7,107565,71.71,3H,70.7513,WP7,Luciana,Carcharhinidae,Carcharhinus,limbatus/sorrah/amblyrhynchoides,,Carcharhinus limbatus/sorrah/amblyrhynchoides,Blacktip/spottail/graceful complex,37018039,1,No,721,296421,0.48,197.61,197.13,197.62,-12.174866,127.404062
NERP 2012,Oceanic Shoals,1,WP8,8,252100,168.0667,3H,160.9567,WP8,Fernando,Echeneidae,Echeneis,naucrates,,Echeneis naucrates,Sharksucker,37336001,1,No,10073,299651,6.72,199.77,193.05,199.77,-12.185807,127.429699
NERP 2012,Oceanic Shoals,1,WP8,8,252168,168.112,3H,161.002,WP8,Fernando,Monacanthidae,Aluterus,monoceros,,Aluterus monoceros,Unicorn leatherjacket,37465022,4,Yes,10073,299651,6.72,199.77,193.05,199.77,-12.185807,127.429699
NERP 2012,Oceanic Shoals,1,WP9,9,204435,136.29,3H,132.956,WP9,Lloyd,Carangidae,Carangoides,armatus,,Carangoides armatus,Longfin trevally,99123,1,No,2634,307617,1.76,205.08,203.32,205.08,-12.184548,127.449794
NERP 2012,Oceanic Shoals,1,WP9,9,167421,111.614,3H,108.28,WP9,Lloyd,Carcharhinidae,Carcharhinus,limbatus/sorrah/amblyrhynchoides,,Carcharhinus limbatus/sorrah/amblyrhynchoides,Blacktip/spottail/graceful complex,,1,No,2634,307617,1.76,205.08,203.32,205.08,-12.184548,127.449794
NERP 2012,Oceanic Shoals,1,WP9,9,100122,66.748,3H,63.414,WP9,Lloyd,Carcharhinidae,Carcharhinus,sp1,sp,Carcharhinus sp,Requiem sharks,,1,No,2634,307617,1.76,205.08,203.32,205.08,-12.184548,127.449794
NERP 2012,Oceanic Shoals,1,WP9,9,97480,64.9867,3H,61.6527,WP9,Lloyd,Monacanthidae,Aluterus,monoceros,,Aluterus monoceros,Unicorn leatherjacket,,4,No,2634,307617,1.76,205.08,203.32,205.08,-12.184548,127.449794
NERP 2012,Oceanic Shoals,1,WP10,10,242174,161.4493,3H,158.782,WP10,Lloyd,Carangidae,Decapterus,sp1,sp,Decapterus sp,Scads,,5,No,2664,296232,1.78,197.49,195.71,197.48,-12.166577,127.454746
NERP 2012,Oceanic Shoals,1,WP10,10,242102,161.4013,3H,158.734,WP10,Lloyd,Carcharhinidae,Carcharhinus,limbatus/sorrah/amblyrhynchoides,,Carcharhinus limbatus/sorrah/amblyrhynchoides,Blacktip/spottail/graceful complex,37018039,2,No,2664,296232,1.78,197.49,195.71,197.48,-12.166577,127.454746
NERP 2012,Oceanic Shoals,1,WP11,11,28045,18.6967,3H,17.0293,WP11,Lloyd,Carangidae,Decapterus,sp1,sp,Decapterus sp,Scads,,1,No,709,272501,0.47,181.67,181.19,202.37,-12.141384,127.395014
NERP 2012,Oceanic Shoals,1,WP11,11,135979,90.6527,3H,88.9853,WP11,Lloyd,Monacanthidae,Aluterus,monoceros,,Aluterus monoceros,Unicorn leatherjacket,37465022,6,No,709,272501,0.47,181.67,181.19,202.37,-12.141384,127.395014
NERP 2012,Oceanic Shoals,1,WP12,12,110549,73.6993,3H,71.2573,WP12,Lloyd,Carangidae,Decapterus,sp1,sp,Decapterus sp,Scads,,2,No,2942,328106,1.96,218.74,216.78,218.73,-12.144639,127.403274
NERP 2012,Oceanic Shoals,1,WP12,12,252628,168.4187,3H,165.9767,WP12,Lloyd,Carcharhinidae,Carcharhinus,limbatus/sorrah/amblyrhynchoides,,Carcharhinus limbatus/sorrah/amblyrhynchoides,Blacktip/spottail/graceful complex,37018039,1,No,2942,328106,1.96,218.74,216.78,218.73,-12.144639,127.403274
NERP 2012,Oceanic Shoals,1,WP12,12,32253,21.502,3H,19.06,WP12,Lloyd,Monacanthidae,Aluterus,monoceros,,Aluterus monoceros,Unicorn leatherjacket,37465022,1,No,2942,328106,1.96,218.74,216.78,218.73,-12.144639,127.403274
NERP 2012,Oceanic Shoals,1,WP13,13,290915,193.9433,3H+,NA,WP13,Lloyd,Carcharhinidae,Carcharhinus,sp1,sp,Carcharhinus sp,Requiem sharks,,1,No,531,291817,0.35,194.54,194.19,194.55,-12.135478,127.414274
NERP 2012,Oceanic Shoals,1,WP14,14,283314,188.876,3H+,NA,WP14,Luciana,Carangidae,Decapterus,sp1,sp,Decapterus sp,Scads,,2,No,3552,297056,2.37,198.04,195.67,198.03,-12.123596,127.415278
NERP 2012,Oceanic Shoals,1,WP15,15,182726,121.8173,3H,118.4833,WP15,Luciana,Carangidae,Decapterus,sp1,sp,Decapterus sp,Scads,,2,No,3640,310946,2.43,207.3,204.87,207.3,-12.134765,127.432298
NERP 2012,Oceanic Shoals,1,WP15,15,146084,97.3893,3H,94.0553,WP15,Luciana,Carcharhinidae,Carcharhinus,limbatus/sorrah/amblyrhynchoides,,Carcharhinus limbatus/sorrah/amblyrhynchoides,Blacktip/spottail/graceful complex,37018013,1,No,3640,310946,2.43,207.3,204.87,207.3,-12.134765,127.432298
NERP 2012,Oceanic Shoals,1,WP16,16,234472,156.3147,3H,153.6473,WP16,Luciana,Carangidae,Decapterus,sp1,sp,Decapterus sp,Scads,,4,No,2493,288456,1.66,192.3,190.64,192.3,-12.134282,127.441289
NERP 2012,Oceanic Shoals,1,WP16,16,245576,163.7173,3H,161.05,WP16,Luciana,Carcharhinidae,Carcharhinus,limbatus/sorrah/amblyrhynchoides,,Carcharhinus limbatus/sorrah/amblyrhynchoides,Blacktip/spottail/graceful complex,37018039,2,No,2493,288456,1.66,192.3,190.64,192.3,-12.134282,127.441289
NERP 2012,Oceanic Shoals,1,WP16,16,167698,111.7987,3H,109.1313,WP16,Luciana,Monacanthidae,Aluterus,monoceros,,Aluterus monoceros,Unicorn leatherjacket,37465022,2,No,2493,288456,1.66,192.3,190.64,192.3,-12.134282,127.441289
NERP 2012,Oceanic Shoals,1,WP16,16,180163,120.1087,3H,117.4413,WP16,Luciana,Scombridae,Scomberomorus,commerson/semifasciatus,,Scomberomorus commerson/semifasciatus,Narrow/broad-barred Spanish mackerel,37441007,1,No,2493,288456,1.66,192.3,190.64,192.3,-12.134282,127.441289
NERP 2012,Oceanic Shoals,1,WP17,17,307187,204.7913,3H+,NA,WP17,Fernando,Carangidae,Atule,mate,,Atule mate,Yellowtail scad,37337024,3,No,2295,313090,1.53,208.73,207.2,208.73,-12.130489,127.447584
NERP 2012,Oceanic Shoals,1,WP17,17,243920,162.6133,3H,160.68,WP17,Fernando,Carangidae,Carangoides,armatus,,Carangoides armatus,Longfin trevally,99123,1,No,2295,313090,1.53,208.73,207.2,208.73,-12.130489,127.447584
NERP 2012,Oceanic Shoals,1,WP17,17,10948,7.2987,3H,5.3653,WP17,Fernando,Carangidae,Decapterus,sp1,sp,Decapterus sp,Scads,,3,No,2295,313090,1.53,208.73,207.2,208.73,-12.130489,127.447584
NERP 2012,Oceanic Shoals,1,WP17,17,243834,162.556,3H,160.6227,WP17,Fernando,Monacanthidae,Aluterus,monoceros,,Aluterus monoceros,Unicorn leatherjacket,,38,Yes,2295,313090,1.53,208.73,207.2,208.73,-12.130489,127.447584
NERP 2012,Oceanic Shoals,1,WP17,17,40215,26.81,3H,24.8767,WP17,Fernando,Scombridae,Scomberomorus,commerson/semifasciatus,,Scomberomorus commerson/semifasciatus,Narrow/broad-barred Spanish mackerel,,1,No,2295,313090,1.53,208.73,207.2,208.73,-12.130489,127.447584
NERP 2012,Oceanic Shoals,1,WP18,18,268019,178.6793,3H,176.2667,WP18,Fernando,Carangidae,Decapterus,sp1,sp,Decapterus sp,Scads,,43,No,3052,306746,2.03,204.5,202.46,204.5,-12.118778,127.435058
NERP 2012,Oceanic Shoals,1,WP20,20,242241,161.494,3H,157.6967,WP20,Phil,Carangidae,Decapterus,sp1,sp,Decapterus sp,Scads,,11,No,5093,307466,3.4,204.98,201.58,204.98,-12.101625,127.45395
NERP 2012,Oceanic Shoals,1,WP20,20,31156,20.7707,3H,16.9733,WP20,Phil,Carcharhinidae,Carcharhinus,amboinensis,,Carcharhinus amboinensis,Pigeye shark,37018026,1,No,5093,307466,3.4,204.98,201.58,204.98,-12.101625,127.45395
NERP 2012,Oceanic Shoals,1,WP20,20,272850,181.9,3H,178.1027,WP20,Phil,Monacanthidae,Aluterus,monoceros,,Aluterus monoceros,Unicorn leatherjacket,37465022,2,No,5093,307466,3.4,204.98,201.58,204.98,-12.101625,127.45395
NERP 2012,Oceanic Shoals,1,WP21,21,46141,30.7607,3H,29.186,WP21,Lloyd,Carangidae,Decapterus,sp1,sp,Decapterus sp,Scads,,4,No,607,294022,0.4,196.01,195.61,196.02,-12.064712,127.39885
NERP 2012,Oceanic Shoals,1,WP22,22,135819,90.546,3H,87.0813,WP22,Phil,Carangidae,,sp2,sp,Carangidae sp,Jacks and trevallies,,1,No,4451,305247,2.97,203.5,200.53,203.5,-12.073351,127.403944
NERP 2012,Oceanic Shoals,1,WP22,22,120463,80.3087,3H,76.844,WP22,Phil,Carangidae,Decapterus,sp1,sp,Decapterus sp,Scads,,80,No,4451,305247,2.97,203.5,200.53,203.5,-12.073351,127.403944
NERP 2012,Oceanic Shoals,1,WP22,22,178337,118.8913,3H,115.4267,WP22,Phil,Carcharhinidae,Carcharhinus,limbatus/sorrah/amblyrhynchoides,,Carcharhinus limbatus/sorrah/amblyrhynchoides,Blacktip/spottail/graceful complex,37018039,1,No,4451,305247,2.97,203.5,200.53,203.5,-12.073351,127.403944
NERP 2012,Oceanic Shoals,1,WP22,22,118564,79.0427,3H,75.578,WP22,Phil,Carcharhinidae,Galeocerdo,cuvier,,Galeocerdo cuvier,Tiger shark,37018022,1,No,4451,305247,2.97,203.5,200.53,203.5,-12.073351,127.403944
NERP 2012,Oceanic Shoals,1,WP22,22,118908,79.272,3H,75.8073,WP22,Phil,Echeneidae,Echeneis,naucrates,,Echeneis naucrates,Sharksucker,37336001,1,No,4451,305247,2.97,203.5,200.53,203.5,-12.073351,127.403944
NERP 2012,Oceanic Shoals,1,WP22,22,269728,179.8187,3H,176.354,WP22,Phil,Monacanthidae,Aluterus,monoceros,,Aluterus monoceros,Unicorn leatherjacket,37465022,1,No,4451,305247,2.97,203.5,200.53,203.5,-12.073351,127.403944
NERP 2012,Oceanic Shoals,1,WP23,23,301474,200.9827,3H+,NA,WP23,Luciana,Carangidae,Decapterus,sp1,sp,Decapterus sp,Scads,,8,No,937,310752,0.62,207.17,206.54,207.17,-12.066928,127.415895
NERP 2012,Oceanic Shoals,1,WP23,23,296085,197.39,3H+,NA,WP23,Luciana,Carcharhinidae,Carcharhinus,limbatus/sorrah/amblyrhynchoides,,Carcharhinus limbatus/sorrah/amblyrhynchoides,Blacktip/spottail/graceful complex,37018039,2,No,937,310752,0.62,207.17,206.54,207.17,-12.066928,127.415895
NERP 2012,Oceanic Shoals,1,WP24,24,156736,104.4907,3H,99.49,WP24,Luciana,Carangidae,Seriolina,nigrofasciata,,Seriolina nigrofasciata,Blackbanded trevally,37337014,1,No,6045,301602,4.03,201.07,197.04,201.07,-12.072192,127.431533
NERP 2012,Oceanic Shoals,1,WP24,24,255204,170.136,3H,165.1353,WP24,Luciana,Scombridae,Scomberomorus,commerson/semifasciatus,,Scomberomorus commerson/semifasciatus,Narrow/broad-barred Spanish mackerel,37441007,1,No,6045,301602,4.03,201.07,197.04,201.07,-12.072192,127.431533
NERP 2012,Oceanic Shoals,1,WP25,25,254075,169.3833,3H,165.3827,WP25,Luciana,Carangidae,Decapterus,sp1,sp,Decapterus sp,Scads,,12,No,4513,298992,3.01,199.33,196.32,199.33,-12.0655,127.452946
NERP 2012,Oceanic Shoals,1,WP25,25,289395,192.93,3H+,NA,WP25,Luciana,Carcharhinidae,Carcharhinus,limbatus/sorrah/amblyrhynchoides,,Carcharhinus limbatus/sorrah/amblyrhynchoides,Blacktip/spottail/graceful complex,37018039,1,No,4513,298992,3.01,199.33,196.32,199.33,-12.0655,127.452946
NERP 2012,Oceanic Shoals,1,WP25,25,42689,28.4593,3H,24.4587,WP25,Luciana,Scombridae,Scomberomorus,commerson/semifasciatus,,Scomberomorus commerson/semifasciatus,Narrow/broad-barred Spanish mackerel,37441007,1,No,4513,298992,3.01,199.33,196.32,199.33,-12.0655,127.452946
NERP 2012,Oceanic Shoals,1,WP26,26,257861,171.9073,3H,167.724,WP26,Lloyd,Carangidae,Caranx,ignobilis,,Caranx ignobilis,Giant trevally,37337027,1,No,5671,312103,3.78,208.07,204.29,208.07,-12.078969,127.445217
NERP 2012,Oceanic Shoals,1,WP26,26,37734,25.156,3H,20.9727,WP26,Lloyd,Carangidae,Decapterus,sp1,sp,Decapterus sp,Scads,,5,No,5671,312103,3.78,208.07,204.29,208.07,-12.078969,127.445217
NERP 2012,Oceanic Shoals,1,WP26,26,266150,177.4333,3H,173.25,WP26,Lloyd,Carangidae,Elagatis,bipinnulata,,Elagatis bipinnulata,Rainbow runner,37337029,8,No,5671,312103,3.78,208.07,204.29,208.07,-12.078969,127.445217
NERP 2012,Oceanic Shoals,1,WP26,26,240107,160.0713,3H,155.888,WP26,Lloyd,Carcharhinidae,Carcharhinus,falciformis,,Carcharhinus falciformis,Silky shark,37018008,2,No,5671,312103,3.78,208.07,204.29,208.07,-12.078969,127.445217
NERP 2012,Oceanic Shoals,1,WP26,26,118375,78.9167,3H,74.7333,WP26,Lloyd,Scombridae,Scomberomorus,commerson/semifasciatus,,Scomberomorus commerson/semifasciatus,Narrow/broad-barred Spanish mackerel,37441007,2,No,5671,312103,3.78,208.07,204.29,208.07,-12.078969,127.445217
NERP 2012,Oceanic Shoals,1,WP27,27,238135,158.7567,3H,156.8813,WP27,Lloyd,Carcharhinidae,Carcharhinus,limbatus/sorrah/amblyrhynchoides,,Carcharhinus limbatus/sorrah/amblyrhynchoides,Blacktip/spottail/graceful complex,37018013,1,No,2113,305921,1.41,203.95,202.54,203.93,-12.086625,127.437466
NERP 2012,Oceanic Shoals,1,WP27,27,238472,158.9813,3H,157.106,WP27,Lloyd,Echeneidae,Echeneis,naucrates,,Echeneis naucrates,Sharksucker,37336001,1,No,2113,305921,1.41,203.95,202.54,203.93,-12.086625,127.437466
NERP 2012,Oceanic Shoals,1,WP28,28,131744,87.8293,3H,83.5473,WP28,Lloyd,Carangidae,Decapterus,sp1,sp,Decapterus sp,Scads,,6,No,5871,300776,3.91,200.52,196.6,200.52,-12.086187,127.41665
NERP 2012,Oceanic Shoals,1,WP29,29,302247,201.498,3H+,NA,WP29,Luciana,Carangidae,Decapterus,sp1,sp,Decapterus sp,Scads,,9,No,1489,322501,0.99,215,214.01,215,-12.094384,127.404838
NERP 2012,Oceanic Shoals,1,WP29,29,76780,51.1867,3H,49.5193,WP29,Luciana,Hydrophiidae,,sp1,sp,Hydrophiidae sp,Sea snakes,,1,No,1489,322501,0.99,215,214.01,215,-12.094384,127.404838
NERP 2012,Oceanic Shoals,1,WP29,29,143531,95.6873,3H,94.02,WP29,Luciana,Monacanthidae,Aluterus,monoceros,,Aluterus monoceros,Unicorn leatherjacket,37465022,3,No,1489,322501,0.99,215,214.01,215,-12.094384,127.404838
NERP 2012,Oceanic Shoals,1,WP30,30,174606,116.404,3H,112.4033,WP30,Lloyd,Carangidae,Decapterus,sp1,sp,Decapterus sp,Scads,,3,No,4346,302448,2.9,201.63,198.73,201.63,-12.095477,127.387234
NERP 2012,Oceanic Shoals,1,WP30,30,265490,176.9933,3H,172.9927,WP30,Lloyd,Carcharhinidae,Carcharhinus,limbatus/sorrah/amblyrhynchoides,,Carcharhinus limbatus/sorrah/amblyrhynchoides,Blacktip/spottail/graceful complex,37018039,1,No,4346,302448,2.9,201.63,198.73,201.63,-12.095477,127.387234
NERP 2012,Oceanic Shoals,1,WP30,30,174636,116.424,3H,112.4233,WP30,Lloyd,Monacanthidae,Aluterus,monoceros,,Aluterus monoceros,Unicorn leatherjacket,37465022,1,No,4346,302448,2.9,201.63,198.73,201.63,-12.095477,127.387234
NERP 2012,Oceanic Shoals,1,WP31,31,289353,192.902,3H+,NA,WP31,Lloyd,Carangidae,,sp2,sp,Carangidae sp,Jacks and trevallies,,1,No,6991,307917,4.66,205.28,200.62,205.27,-12.219738,127.445019
NERP 2012,Oceanic Shoals,1,WP31,31,296206,197.4707,3H+,NA,WP31,Lloyd,Carangidae,Decapterus,sp1,sp,Decapterus sp,Scads,,41,No,6991,307917,4.66,205.28,200.62,205.27,-12.219738,127.445019
NERP 2012,Oceanic Shoals,1,WP31,31,187725,125.15,3H,120.15,WP31,Lloyd,Carcharhinidae,Carcharhinus,limbatus/sorrah/amblyrhynchoides,,Carcharhinus limbatus/sorrah/amblyrhynchoides,Blacktip/spottail/graceful complex,37018039,1,No,6991,307917,4.66,205.28,200.62,205.27,-12.219738,127.445019
NERP 2012,Oceanic Shoals,1,WP31,31,168307,112.2047,3H,107.2047,WP31,Lloyd,Carcharhinidae,Carcharhinus,sp1,sp,Carcharhinus sp,Requiem sharks,,1,No,6991,307917,4.66,205.28,200.62,205.27,-12.219738,127.445019
NERP 2012,Oceanic Shoals,1,WP31,31,187725,125.15,3H,120.15,WP31,Lloyd,Echeneidae,Echeneis,naucrates,,Echeneis naucrates,Sharksucker,37336001,1,No,6991,307917,4.66,205.28,200.62,205.27,-12.219738,127.445019
NERP 2012,Oceanic Shoals,1,WP32,32,250683,167.122,3H,163.1087,WP32,Lloyd,Carangidae,Decapterus,sp1,sp,Decapterus sp,Scads,,27,No,5204,296892,3.47,197.93,194.46,197.93,-12.20101,127.452911
NERP 2012,Oceanic Shoals,1,WP32,32,20766,13.844,3H,9.8307,WP32,Lloyd,Carcharhinidae,Galeocerdo,cuvier,,Galeocerdo cuvier,Tiger shark,37018022,1,No,5204,296892,3.47,197.93,194.46,197.93,-12.20101,127.452911
NERP 2012,Oceanic Shoals,1,WP33,33,59765,39.8433,3H,35.8427,WP33,Lloyd,Carangidae,Decapterus,sp1,sp,Decapterus sp,Scads,,35,No,2713,297747,1.81,198.5,196.69,198.5,-12.193518,127.442201
NERP 2012,Oceanic Shoals,1,WP33,33,12735,8.49,3H,4.4893,WP33,Lloyd,Carcharhinidae,Carcharhinus,sp1,sp,Carcharhinus sp,Requiem sharks,,1,No,2713,297747,1.81,198.5,196.69,198.5,-12.193518,127.442201
NERP 2012,Oceanic Shoals,1,WP34,34,169530,113.02,3H,108.686,WP34,Lloyd,Carangidae,Decapterus,sp1,sp,Decapterus sp,Scads,,8,No,3866,307497,2.58,205,202.42,205,-12.200173,127.42015
NERP 2012,Oceanic Shoals,1,WP34,34,75430,50.2867,3H,45.9527,WP34,Lloyd,Carcharhinidae,Carcharhinus,limbatus/sorrah/amblyrhynchoides,,Carcharhinus limbatus/sorrah/amblyrhynchoides,Blacktip/spottail/graceful complex,37018039,1,No,3866,307497,2.58,205,202.42,205,-12.200173,127.42015
NERP 2012,Oceanic Shoals,1,WP34,34,56403,37.602,3H,33.268,WP34,Lloyd,Echeneidae,Echeneis,naucrates,,Echeneis naucrates,Sharksucker,37336001,1,No,3866,307497,2.58,205,202.42,205,-12.200173,127.42015
NERP 2012,Oceanic Shoals,1,WP34,34,30881,20.5873,3H,16.2533,WP34,Lloyd,Monacanthidae,Aluterus,monoceros,,Aluterus monoceros,Unicorn leatherjacket,37465022,9,No,3866,307497,2.58,205,202.42,205,-12.200173,127.42015
NERP 2012,Oceanic Shoals,1,WP34,34,47491,31.6607,3H,27.3267,WP34,Lloyd,Sphyrnidae,Sphyrna,lewini,,Sphyrna lewini,Scalloped hammerhead,37019001,1,No,3866,307497,2.58,205,202.42,205,-12.200173,127.42015
NERP 2012,Oceanic Shoals,1,WP35,35,277037,184.6913,3H+,NA,WP35,Lloyd,Carangidae,Decapterus,sp1,sp,Decapterus sp,Scads,,14,No,4218,310003,2.81,206.67,203.86,206.67,-12.184999,127.41433
NERP 2012,Oceanic Shoals,1,WP35,35,112840,75.2267,3H,71.5313,WP35,Lloyd,Carcharhinidae,Carcharhinus,limbatus/sorrah/amblyrhynchoides,,Carcharhinus limbatus/sorrah/amblyrhynchoides,Blacktip/spottail/graceful complex,37018039,1,No,4218,310003,2.81,206.67,203.86,206.67,-12.184999,127.41433
NERP 2012,Oceanic Shoals,1,WP36,36,256433,170.9553,3H,167.8293,WP36,Lloyd,Carangidae,Decapterus,sp1,sp,Decapterus sp,Scads,,8,No,4101,313346,2.73,208.9,206.16,208.9,-12.188775,127.405758
NERP 2012,Oceanic Shoals,1,WP36,36,265752,177.168,3H,174.042,WP36,Lloyd,Monacanthidae,Aluterus,monoceros,,Aluterus monoceros,Unicorn leatherjacket,37465022,1,No,4101,313346,2.73,208.9,206.16,208.9,-12.188775,127.405758
NERP 2012,Oceanic Shoals,1,WP37,37,144144,96.096,3H,90.762,WP37,Lloyd,Carcharhinidae,Carcharhinus,limbatus/sorrah/amblyrhynchoides,,Carcharhinus limbatus/sorrah/amblyrhynchoides,Blacktip/spottail/graceful complex,37018039,1,No,5745,294553,3.83,196.37,192.54,196.37,-12.202025,127.409679
NERP 2012,Oceanic Shoals,1,WP38,38,310077,206.718,3H+,NA,WP38,Phil,Carangidae,Decapterus,sp,sp,Decapterus sp,Scads,,12,No,5202,310572,3.47,207.05,203.58,207.05,-12.216658,127.407497
NERP 2012,Oceanic Shoals,1,WP38,38,238177,158.7847,3H,154.7847,WP38,Phil,Carcharhinidae,Carcharhinus,limbatus/sorrah/amblyrhynchoides,,Carcharhinus limbatus/sorrah/amblyrhynchoides,Blacktip/spottail/graceful complex,37018039,1,No,5202,310572,3.47,207.05,203.58,207.05,-12.216658,127.407497
NERP 2012,Oceanic Shoals,1,WP38,38,181607,121.0713,3H,117.0713,WP38,Phil,Carcharhinidae,Carcharhinus,sp1,sp,Carcharhinus sp,Requiem sharks,,1,No,5202,310572,3.47,207.05,203.58,207.05,-12.216658,127.407497
NERP 2012,Oceanic Shoals,1,WP38,38,81940,54.6267,3H,50.6267,WP38,Phil,Monacanthidae,Aluterus,monoceros,,Aluterus monoceros,Unicorn leatherjacket,37465022,1,No,5202,310572,3.47,207.05,203.58,207.05,-12.216658,127.407497
NERP 2012,Oceanic Shoals,1,WP39,39,65208,43.472,3H,39.138,WP39,Luciana,Carangidae,Decapterus,sp1,sp,Decapterus sp,Scads,,1,No,2662,297837,1.77,198.56,196.78,198.57,-12.218201,127.395952
NERP 2012,Oceanic Shoals,1,WP39,39,296098,197.3987,3H+,NA,WP39,Luciana,Monacanthidae,Aluterus,monoceros,,Aluterus monoceros,Unicorn leatherjacket,37465022,2,No,2662,297837,1.77,198.56,196.78,198.57,-12.218201,127.395952
NERP 2012,Oceanic Shoals,2,WP41,41,207637,138.4247,3H,136.362,WP41,Lloyd,Carangidae,Decapterus,sp1,sp,Decapterus sp,Scads,,9,No,2603,300057,1.74,200.04,198.3,200.03,-11.876516,127.1159
NERP 2012,Oceanic Shoals,2,WP42,42,195781,130.5207,3H,129.12,WP42,Phil,Carangidae,Decapterus,sp1,sp,Decapterus sp,Scads,,5,No,999,309778,0.67,206.52,205.85,206.52,-11.887516,127.114116
NERP 2012,Oceanic Shoals,2,WP42,42,154615,103.0767,3H,101.676,WP42,Phil,Carangidae,Seriolina,nigrofasciata,,Seriolina nigrofasciata,Blackbanded trevally,37337014,1,No,999,309778,0.67,206.52,205.85,206.52,-11.887516,127.114116
NERP 2012,Oceanic Shoals,2,WP42,42,216156,144.104,3H,142.7033,WP42,Phil,Carcharhinidae,Carcharhinus,limbatus/sorrah/amblyrhynchoides,,Carcharhinus limbatus/sorrah/amblyrhynchoides,Blacktip/spottail/graceful complex,37018039,1,No,999,309778,0.67,206.52,205.85,206.52,-11.887516,127.114116
NERP 2012,Oceanic Shoals,2,WP42,42,275160,183.44,3H+,NA,WP42,Phil,Monacanthidae,Aluterus,monoceros,,Aluterus monoceros,Unicorn leatherjacket,37465022,2,No,999,309778,0.67,206.52,205.85,206.52,-11.887516,127.114116
NERP 2012,Oceanic Shoals,2,WP42,42,279405,186.27,3H+,NA,WP42,Phil,Sphyrnidae,Sphyrna,lewini,,Sphyrna lewini,Scalloped hammerhead,37019001,1,No,999,309778,0.67,206.52,205.85,206.52,-11.887516,127.114116
NERP 2012,Oceanic Shoals,2,WP43,43,272178,181.452,3H,176.082,WP43,Phil,Carangidae,Decapterus,sp1,sp,Decapterus sp,Scads,,14,No,5926,292567,3.95,195.04,191.09,195.05,-11.903249,127.122866
NERP 2012,Oceanic Shoals,2,WP43,43,271740,181.16,3H,175.79,WP43,Phil,Carangidae,Seriolina,nigrofasciata,,Seriolina nigrofasciata,Blackbanded trevally,37337014,1,No,5926,292567,3.95,195.04,191.09,195.05,-11.903249,127.122866
NERP 2012,Oceanic Shoals,2,WP43,43,45298,30.1987,3H,24.8287,WP43,Phil,Carcharhinidae,Carcharhinus,limbatus/sorrah/amblyrhynchoides,,Carcharhinus limbatus/sorrah/amblyrhynchoides,Blacktip/spottail/graceful complex,37018013,1,No,5926,292567,3.95,195.04,191.09,195.05,-11.903249,127.122866
NERP 2012,Oceanic Shoals,2,WP43,43,27610,18.4067,3H,13.0367,WP43,Phil,Monacanthidae,Aluterus,monoceros,,Aluterus monoceros,Unicorn leatherjacket,37465022,1,No,5926,292567,3.95,195.04,191.09,195.05,-11.903249,127.122866
NERP 2012,Oceanic Shoals,2,WP44,44,142377,94.918,3H,92.4467,WP44,Phil,Carangidae,Decapterus,sp1,sp,Decapterus sp,Scads,,12,No,2832,290022,1.89,193.35,191.46,193.35,-11.900383,127.111766
NERP 2012,Oceanic Shoals,2,WP44,44,154427,102.9513,3H,100.48,WP44,Phil,Scombridae,Scomberomorus,commerson/semifasciatus,,Scomberomorus commerson/semifasciatus,Narrow/broad-barred Spanish mackerel,37441007,1,No,2832,290022,1.89,193.35,191.46,193.35,-11.900383,127.111766
NERP 2012,Oceanic Shoals,2,WP45,45,142790,95.1933,3H,93.524,WP45,Phil,Carangidae,Decapterus,sp1,sp,Decapterus sp,Scads,,5,No,392,301486,0.26,200.99,200.73,201.97,-11.8966,127.109216
NERP 2012,Oceanic Shoals,2,WP45,45,300894,200.596,3H+,NA,WP45,Phil,Carangidae,Seriolina,nigrofasciata,,Seriolina nigrofasciata,Blackbanded trevally,37337014,1,No,392,301486,0.26,200.99,200.73,201.97,-11.8966,127.109216
NERP 2012,Oceanic Shoals,2,WP45,45,86533,57.6887,3H,56.0193,WP45,Phil,Carcharhinidae,Carcharhinus,limbatus/sorrah/amblyrhynchoides,,Carcharhinus limbatus/sorrah/amblyrhynchoides,Blacktip/spottail/graceful complex,37018039,1,No,392,301486,0.26,200.99,200.73,201.97,-11.8966,127.109216
NERP 2012,Oceanic Shoals,2,WP45,45,68626,45.7507,3H,44.0813,WP45,Phil,Scombridae,Scomberomorus,commerson/semifasciatus,,Scomberomorus commerson/semifasciatus,Narrow/broad-barred Spanish mackerel,37441007,2,No,392,301486,0.26,200.99,200.73,201.97,-11.8966,127.109216
NERP 2012,Oceanic Shoals,2,WP46,46,36702,24.468,3H,23.608,WP46,Phil,Carangidae,Caranx,ignobilis,,Caranx ignobilis,Giant trevally,37337027,1,No,711,283350,0.47,188.9,188.43,195.47,-11.900133,127.106416
NERP 2012,Oceanic Shoals,2,WP46,46,60265,40.1767,3H,39.3167,WP46,Phil,Carangidae,Decapterus,sp1,sp,Decapterus sp,Scads,,3,No,711,283350,0.47,188.9,188.43,195.47,-11.900133,127.106416
NERP 2012,Oceanic Shoals,2,WP46,46,36603,24.402,3H,23.542,WP46,Phil,Carcharhinidae,Carcharhinus,amblyrhynchos,,Carcharhinus amblyrhynchos,Grey reef shark,37018030,1,No,711,283350,0.47,188.9,188.43,195.47,-11.900133,127.106416
NERP 2012,Oceanic Shoals,2,WP46,46,24503,16.3353,3H,15.4753,WP46,Phil,Carcharhinidae,Carcharhinus,limbatus/sorrah/amblyrhynchoides,,Carcharhinus limbatus/sorrah/amblyrhynchoides,Blacktip/spottail/graceful complex,37018013,3,No,711,283350,0.47,188.9,188.43,195.47,-11.900133,127.106416
NERP 2012,Oceanic Shoals,2,WP46,46,173886,115.924,3H,115.064,WP46,Phil,Echeneidae,Echeneis,naucrates,,Echeneis naucrates,Sharksucker,37336001,3,Yes,711,283350,0.47,188.9,188.43,195.47,-11.900133,127.106416
NERP 2012,Oceanic Shoals,2,WP46,46,172488,114.992,3H,114.132,WP46,Phil,Mobulidae,Manta,birostris,,Manta birostris,Manta ray,37041004,1,No,711,283350,0.47,188.9,188.43,195.47,-11.900133,127.106416
NERP 2012,Oceanic Shoals,2,WP46,46,53367,35.578,3H,34.718,WP46,Phil,Scombridae,Scomberomorus,commerson/semifasciatus,,Scomberomorus commerson/semifasciatus,Narrow/broad-barred Spanish mackerel,37441007,13,No,711,283350,0.47,188.9,188.43,195.47,-11.900133,127.106416
NERP 2012,Oceanic Shoals,2,WP46,46,72760,48.5067,3H,47.6467,WP46,Phil,Sphyrnidae,Sphyrna,sp1,sp,Sphyrna sp,Hammerhead shark,,1,No,711,283350,0.47,188.9,188.43,195.47,-11.900133,127.106416
NERP 2012,Oceanic Shoals,2,WP47,47,156382,104.2547,3H,102.242,WP47,Phil,Carangidae,Decapterus,sp1,sp,Decapterus sp,Scads,,10,No,1908,318012,1.27,212.01,210.74,212.02,-11.90725,127.1043
NERP 2012,Oceanic Shoals,2,WP48,48,137830,91.8867,3H,90.1687,WP48,Phil,Carangidae,Decapterus,sp1,sp,Decapterus sp,Scads,,14,No,1219,300048,0.81,200.03,199.22,200.03,-11.911633,127.101116
NERP 2012,Oceanic Shoals,2,WP48,48,201383,134.2553,3H,132.5373,WP48,Phil,Carangidae,Seriolina,nigrofasciata,,Seriolina nigrofasciata,Blackbanded trevally,37337014,1,No,1219,300048,0.81,200.03,199.22,200.03,-11.911633,127.101116
NERP 2012,Oceanic Shoals,2,WP48,48,27197,18.1313,3H,16.4133,WP48,Phil,Carcharhinidae,Carcharhinus,limbatus/sorrah/amblyrhynchoides,,Carcharhinus limbatus/sorrah/amblyrhynchoides,Blacktip/spottail/graceful complex,37018013,1,No,1219,300048,0.81,200.03,199.22,200.03,-11.911633,127.101116
NERP 2012,Oceanic Shoals,2,WP48,48,106455,70.97,3H,69.252,WP48,Phil,Monacanthidae,Aluterus,monoceros,,Aluterus monoceros,Unicorn leatherjacket,37465022,1,No,1219,300048,0.81,200.03,199.22,200.03,-11.911633,127.101116
NERP 2012,Oceanic Shoals,2,WP49,49,229924,153.2827,3H,148.2687,WP49,Phil,Carangidae,Decapterus,sp1,sp,Decapterus sp,Scads,,23,No,5708,312251,3.81,208.17,204.36,208.17,-11.922466,127.081166
NERP 2012,Oceanic Shoals,2,WP49,49,306433,204.2887,3H+,NA,WP49,Phil,Monacanthidae,Aluterus,monoceros,,Aluterus monoceros,Unicorn leatherjacket,37465022,1,No,5708,312251,3.81,208.17,204.36,208.17,-11.922466,127.081166
NERP 2012,Oceanic Shoals,2,WP50,50,273572,182.3813,3H,179.6327,WP50,Phil,Carangidae,Decapterus,sp1,sp,Decapterus sp,Scads,,18,No,942,311817,0.63,207.88,207.25,207.88,-11.928416,127.077516
NERP 2012,Oceanic Shoals,2,WP50,50,278033,185.3553,3H+,NA,WP50,Phil,Carcharhinidae,Carcharhinus,limbatus/sorrah/amblyrhynchoides,,Carcharhinus limbatus/sorrah/amblyrhynchoides,Blacktip/spottail/graceful complex,37018013,1,No,942,311817,0.63,207.88,207.25,207.88,-11.928416,127.077516
NERP 2012,Oceanic Shoals,2,WP51,51,80761,53.8407,3H,50.238,WP51,Phil,Carangidae,Decapterus,sp1,sp,Decapterus sp,Scads,,23,No,4935,309747,3.29,206.5,203.21,206.5,-11.900316,127.065833
NERP 2012,Oceanic Shoals,2,WP51,51,204371,136.2473,3H,132.6447,WP51,Phil,Carcharhinidae,Carcharhinus,limbatus/sorrah/amblyrhynchoides,,Carcharhinus limbatus/sorrah/amblyrhynchoides,Blacktip/spottail/graceful complex,37018013,1,No,4935,309747,3.29,206.5,203.21,206.5,-11.900316,127.065833
NERP 2012,Oceanic Shoals,2,WP51,51,283826,189.2173,3H+,NA,WP51,Phil,Carcharhinidae,Carcharhinus,sp1,sp,Carcharhinus sp,Requiem sharks,,1,No,4935,309747,3.29,206.5,203.21,206.5,-11.900316,127.065833
NERP 2012,Oceanic Shoals,2,WP51,51,12109,8.0727,3H,4.47,WP51,Phil,Echeneidae,Echeneis,naucrates,,Echeneis naucrates,Sharksucker,37336001,1,No,4935,309747,3.29,206.5,203.21,206.5,-11.900316,127.065833
NERP 2012,Oceanic Shoals,2,WP51,51,185096,123.3973,3H,119.7947,WP51,Phil,Monacanthidae,Aluterus,monoceros,,Aluterus monoceros,Unicorn leatherjacket,37465022,3,No,4935,309747,3.29,206.5,203.21,206.5,-11.900316,127.065833
NERP 2012,Oceanic Shoals,2,WP52,52,214545,143.03,3H,142.3693,WP52,Phil,Carangidae,Decapterus,sp1,sp,Decapterus sp,Scads,,21,No,466,312115,0.31,208.08,207.77,208.08,-11.897499,127.076666
NERP 2012,Oceanic Shoals,2,WP52,52,278535,185.69,3H+,NA,WP52,Phil,Carcharhinidae,Carcharhinus,limbatus/sorrah/amblyrhynchoides,,Carcharhinus limbatus/sorrah/amblyrhynchoides,Blacktip/spottail/graceful complex,37018033,1,No,466,312115,0.31,208.08,207.77,208.08,-11.897499,127.076666
NERP 2012,Oceanic Shoals,2,WP52,52,162661,108.4407,3H,107.78,WP52,Phil,Monacanthidae,Aluterus,monoceros,,Aluterus monoceros,Unicorn leatherjacket,,4,No,466,312115,0.31,208.08,207.77,208.08,-11.897499,127.076666
NERP 2012,Oceanic Shoals,2,WP53,53,114621,76.414,3H,75.7353,WP53,Phil,Carangidae,,sp2,sp,Carangidae sp,Jacks and trevallies,,1,No,525,298558,0.35,199.04,198.69,199.03,-11.899816,127.082783
NERP 2012,Oceanic Shoals,2,WP53,53,252009,168.006,3H,167.3273,WP53,Phil,Carangidae,Decapterus,sp1,sp,Decapterus sp,Scads,,14,No,525,298558,0.35,199.04,198.69,199.03,-11.899816,127.082783
NERP 2012,Oceanic Shoals,2,WP53,53,44376,29.584,3H,28.9053,WP53,Phil,Carcharhinidae,Carcharhinus,limbatus/sorrah/amblyrhynchoides,,Carcharhinus limbatus/sorrah/amblyrhynchoides,Blacktip/spottail/graceful complex,37018013,1,No,525,298558,0.35,199.04,198.69,199.03,-11.899816,127.082783
NERP 2012,Oceanic Shoals,2,WP54,54,298123,198.7487,3H+,NA,WP54,Phil,Carangidae,Decapterus,sp1,sp,Decapterus sp,Scads,,9,No,1459,314351,0.97,209.57,208.59,209.57,-11.894466,127.083433
NERP 2012,Oceanic Shoals,2,WP54,54,80448,53.632,3H,52.356,WP54,Phil,Carcharhinidae,Carcharhinus,limbatus/sorrah/amblyrhynchoides,,Carcharhinus limbatus/sorrah/amblyrhynchoides,Blacktip/spottail/graceful complex,37018013,2,Yes,1459,314351,0.97,209.57,208.59,209.57,-11.894466,127.083433
NERP 2012,Oceanic Shoals,2,WP54,54,77368,51.5787,3H,50.3027,WP54,Phil,Carcharhinidae,Carcharhinus,sp1,sp,Carcharhinus sp,Requiem sharks,,1,No,1459,314351,0.97,209.57,208.59,209.57,-11.894466,127.083433
NERP 2012,Oceanic Shoals,2,WP55,55,54863,36.5753,3H,33.162,WP55,Phil,Carangidae,Decapterus,sp1,sp,Decapterus sp,Scads,,6,No,3908,313826,2.61,209.22,206.61,209.22,-11.895666,127.094166
NERP 2012,Oceanic Shoals,2,WP55,55,155261,103.5073,3H,100.094,WP55,Phil,Carcharhinidae,Carcharhinus,brevipinna,,Carcharhinus brevipinna,Spinner shark,37018023,1,No,3908,313826,2.61,209.22,206.61,209.22,-11.895666,127.094166
NERP 2012,Oceanic Shoals,2,WP55,55,123281,82.1873,3H,78.774,WP55,Phil,Carcharhinidae,Carcharhinus,limbatus/sorrah/amblyrhynchoides,,Carcharhinus limbatus/sorrah/amblyrhynchoides,Blacktip/spottail/graceful complex,37018039,3,No,3908,313826,2.61,209.22,206.61,209.22,-11.895666,127.094166
NERP 2012,Oceanic Shoals,2,WP55,55,211675,141.1167,3H,137.7033,WP55,Phil,Monacanthidae,Aluterus,monoceros,,Aluterus monoceros,Unicorn leatherjacket,37465022,1,No,3908,313826,2.61,209.22,206.61,209.22,-11.895666,127.094166
NERP 2012,Oceanic Shoals,2,WP55,55,245164,163.4427,3H,160.0293,WP55,Phil,Scombridae,Scomberomorus,commerson/semifasciatus,,Scomberomorus commerson/semifasciatus,Narrow/broad-barred Spanish mackerel,37441007,15,No,3908,313826,2.61,209.22,206.61,209.22,-11.895666,127.094166
NERP 2012,Oceanic Shoals,2,WP56,56,192282,128.188,3H,127.2407,WP56,Phil,Carangidae,Decapterus,sp1,sp,Decapterus sp,Scads,,2,No,513,303552,0.34,202.37,202.03,202.37,-11.896983,127.1011
NERP 2012,Oceanic Shoals,2,WP56,56,254775,169.85,3H,168.9027,WP56,Phil,Carcharhinidae,Carcharhinus,falciformis,,Carcharhinus falciformis,Silky shark,37018008,1,No,513,303552,0.34,202.37,202.03,202.37,-11.896983,127.1011
NERP 2012,Oceanic Shoals,2,WP56,56,229021,152.6807,3H,151.7333,WP56,Phil,Carcharhinidae,Carcharhinus,limbatus/sorrah/amblyrhynchoides,,Carcharhinus limbatus/sorrah/amblyrhynchoides,Blacktip/spottail/graceful complex,37018013,1,No,513,303552,0.34,202.37,202.03,202.37,-11.896983,127.1011
NERP 2012,Oceanic Shoals,2,WP56,56,50674,33.7827,3H,32.8353,WP56,Phil,Monacanthidae,Aluterus,monoceros,,Aluterus monoceros,Unicorn leatherjacket,37465022,1,No,513,303552,0.34,202.37,202.03,202.37,-11.896983,127.1011
NERP 2012,Oceanic Shoals,2,WP56,56,302554,201.7027,3H+,NA,WP56,Phil,Scombridae,Scomberomorus,commerson/semifasciatus,,Scomberomorus commerson/semifasciatus,Narrow/broad-barred Spanish mackerel,37441007,14,No,513,303552,0.34,202.37,202.03,202.37,-11.896983,127.1011
NERP 2012,Oceanic Shoals,2,WP56,56,75966,50.644,3H,49.6967,WP56,Phil,Sphyraenidae,Sphyraena,barracuda,,Sphyraena barracuda,Great barracuda,37382008,1,No,513,303552,0.34,202.37,202.03,202.37,-11.896983,127.1011
NERP 2012,Oceanic Shoals,2,WP57,57,30699,20.466,3H,19.1707,WP57,Phil,Carangidae,Decapterus,sp1,sp,Decapterus sp,Scads,,1,No,708,291357,0.47,194.24,193.77,194.23,-11.891633,127.099333
NERP 2012,Oceanic Shoals,2,WP57,57,212380,141.5867,3H,140.2913,WP57,Phil,Carangidae,Seriolina,nigrofasciata,,Seriolina nigrofasciata,Blackbanded trevally,37337014,1,No,708,291357,0.47,194.24,193.77,194.23,-11.891633,127.099333
NERP 2012,Oceanic Shoals,2,WP57,57,62599,41.7327,3H,40.4373,WP57,Phil,Carcharhinidae,Carcharhinus,limbatus/sorrah/amblyrhynchoides,,Carcharhinus limbatus/sorrah/amblyrhynchoides,Blacktip/spottail/graceful complex,37018039,2,No,708,291357,0.47,194.24,193.77,194.23,-11.891633,127.099333
NERP 2012,Oceanic Shoals,2,WP57,57,179102,119.4013,3H,118.106,WP57,Phil,Echeneidae,Echeneis,naucrates,,Echeneis naucrates,Sharksucker,37336001,1,No,708,291357,0.47,194.24,193.77,194.23,-11.891633,127.099333
NERP 2012,Oceanic Shoals,2,WP57,57,38067,25.378,3H,24.0827,WP57,Phil,Monacanthidae,Aluterus,monoceros,,Aluterus monoceros,Unicorn leatherjacket,37465022,1,No,708,291357,0.47,194.24,193.77,194.23,-11.891633,127.099333
NERP 2012,Oceanic Shoals,2,WP57,57,6175,4.1167,3H,2.8213,WP57,Phil,Sphyrnidae,Sphyrna,lewini,,Sphyrna lewini,Scalloped hammerhead,37019001,1,No,708,291357,0.47,194.24,193.77,194.23,-11.891633,127.099333
NERP 2012,Oceanic Shoals,2,WP58,58,240719,160.4793,3H,159.004,WP58,Phil,Carangidae,Decapterus,sp1,sp,Decapterus sp,Scads,,6,No,1226,299052,0.82,199.37,198.55,199.37,-11.883149,127.099866
NERP 2012,Oceanic Shoals,2,WP58,58,218427,145.618,3H,144.1427,WP58,Phil,Carangidae,Seriolina,nigrofasciata,,Seriolina nigrofasciata,Blackbanded trevally,37337014,3,No,1226,299052,0.82,199.37,198.55,199.37,-11.883149,127.099866
NERP 2012,Oceanic Shoals,2,WP58,58,56828,37.8853,3H,36.41,WP58,Phil,Carcharhinidae,Carcharhinus,limbatus/sorrah/amblyrhynchoides,,Carcharhinus limbatus/sorrah/amblyrhynchoides,Blacktip/spottail/graceful complex,37018039,1,No,1226,299052,0.82,199.37,198.55,199.37,-11.883149,127.099866
NERP 2012,Oceanic Shoals,2,WP58,58,150273,100.182,3H,98.7067,WP58,Phil,Monacanthidae,Aluterus,monoceros,,Aluterus monoceros,Unicorn leatherjacket,37465022,1,No,1226,299052,0.82,199.37,198.55,199.37,-11.883149,127.099866
NERP 2012,Oceanic Shoals,2,WP59,59,200456,133.6373,3H,132.104,WP59,Phil,Carangidae,,sp1,sp,Carangidae sp,Jacks and trevallies,,1,No,680,304422,0.45,202.95,202.49,202.95,-11.8812,127.10665
NERP 2012,Oceanic Shoals,2,WP59,59,271590,181.06,3H,179.5267,WP59,Phil,Carangidae,Decapterus,sp1,sp,Decapterus sp,Scads,,42,No,680,304422,0.45,202.95,202.49,202.95,-11.8812,127.10665
NERP 2012,Oceanic Shoals,2,WP59,59,92916,61.944,3H,60.4107,WP59,Phil,Carangidae,Seriolina,nigrofasciata,,Seriolina nigrofasciata,Blackbanded trevally,37337014,1,No,680,304422,0.45,202.95,202.49,202.95,-11.8812,127.10665
NERP 2012,Oceanic Shoals,2,WP59,59,199213,132.8087,3H,131.2753,WP59,Phil,Carcharhinidae,Carcharhinus,falciformis,,Carcharhinus falciformis,Silky shark,37018008,1,No,680,304422,0.45,202.95,202.49,202.95,-11.8812,127.10665
NERP 2012,Oceanic Shoals,2,WP59,59,18038,12.0253,3H,10.492,WP59,Phil,Carcharhinidae,Carcharhinus,limbatus/sorrah/amblyrhynchoides,,Carcharhinus limbatus/sorrah/amblyrhynchoides,Blacktip/spottail/graceful complex,37018039,1,No,680,304422,0.45,202.95,202.49,202.95,-11.8812,127.10665
NERP 2012,Oceanic Shoals,2,WP59,59,197978,131.9853,3H,130.452,WP59,Phil,Delphinidae,Orcinus,orca,,Orcinus orca,Killer whale,1015,1,No,680,304422,0.45,202.95,202.49,202.95,-11.8812,127.10665
NERP 2012,Oceanic Shoals,2,WP59,59,18046,12.0307,3H,10.4973,WP59,Phil,Echeneidae,Echeneis,naucrates,,Echeneis naucrates,Sharksucker,37336001,1,No,680,304422,0.45,202.95,202.49,202.95,-11.8812,127.10665
NERP 2012,Oceanic Shoals,2,WP59,59,264685,176.4567,3H,174.9233,WP59,Phil,Monacanthidae,Aluterus,monoceros,,Aluterus monoceros,Unicorn leatherjacket,37465022,2,No,680,304422,0.45,202.95,202.49,202.95,-11.8812,127.10665
NERP 2012,Oceanic Shoals,2,WP61,61,139822,93.2147,3H,92.2013,WP61,Luciana,Carangidae,Carangoides,armatus,,Carangoides armatus,Longfin trevally,99123,1,No,869,289318,0.58,192.88,192.3,192.88,-11.846099,127.082266
NERP 2012,Oceanic Shoals,2,WP61,61,19974,13.316,3H,12.3027,WP61,Luciana,Carangidae,Seriolina,nigrofasciata,,Seriolina nigrofasciata,Blackbanded trevally,37337014,1,No,869,289318,0.58,192.88,192.3,192.88,-11.846099,127.082266
NERP 2012,Oceanic Shoals,2,WP61,61,225067,150.0447,3H,149.0313,WP61,Luciana,Carcharhinidae,Carcharhinus,limbatus/sorrah/amblyrhynchoides,,Carcharhinus limbatus/sorrah/amblyrhynchoides,Blacktip/spottail/graceful complex,37018013,2,No,869,289318,0.58,192.88,192.3,192.88,-11.846099,127.082266
NERP 2012,Oceanic Shoals,2,WP61,61,219832,146.5547,3H,145.5413,WP61,Luciana,Monacanthidae,Aluterus,monoceros,,Aluterus monoceros,Unicorn leatherjacket,37465022,6,No,869,289318,0.58,192.88,192.3,192.88,-11.846099,127.082266
NERP 2012,Oceanic Shoals,2,WP62,62,116072,77.3813,3H,76.3967,WP62,Luciana,Carangidae,Decapterus,sp1,sp,Decapterus sp,Scads,,44,No,693,301558,0.46,201.04,200.58,201.03,-11.86505,127.07855
NERP 2012,Oceanic Shoals,2,WP62,62,188915,125.9433,3H,124.9587,WP62,Luciana,Carangidae,Seriolina,nigrofasciata,,Seriolina nigrofasciata,Blackbanded trevally,37337014,1,No,693,301558,0.46,201.04,200.58,201.03,-11.86505,127.07855
NERP 2012,Oceanic Shoals,2,WP62,62,244513,163.0087,3H,162.024,WP62,Luciana,Monacanthidae,Aluterus,monoceros,,Aluterus monoceros,Unicorn leatherjacket,37465022,3,No,693,301558,0.46,201.04,200.58,201.03,-11.86505,127.07855
NERP 2012,Oceanic Shoals,2,WP62,62,243942,162.628,3H,161.6433,WP62,Luciana,Sphyrnidae,Sphyrna,lewini,,Sphyrna lewini,Scalloped hammerhead,37019001,1,No,693,301558,0.46,201.04,200.58,201.03,-11.86505,127.07855
NERP 2012,Oceanic Shoals,2,WP63,63,285055,190.0367,3H+,NA,WP63,Phil,Carangidae,Decapterus,sp1,sp,Decapterus sp,Scads,,10,No,652,302443,0.43,201.63,201.19,201.63,-11.858499,127.07305
NERP 2012,Oceanic Shoals,2,WP63,63,284685,189.79,3H+,NA,WP63,Phil,Carcharhinidae,Carcharhinus,limbatus/sorrah/amblyrhynchoides,,Carcharhinus limbatus/sorrah/amblyrhynchoides,Blacktip/spottail/graceful complex,37018013,1,No,652,302443,0.43,201.63,201.19,201.63,-11.858499,127.07305
NERP 2012,Oceanic Shoals,2,WP64,64,178696,119.1307,3H,117.278,WP64,Phil,Carangidae,Decapterus,sp1,sp,Decapterus sp,Scads,,8,No,852,276552,0.57,184.37,183.8,184.37,-11.852433,127.063716
NERP 2012,Oceanic Shoals,2,WP64,64,127160,84.7733,3H,82.9207,WP64,Phil,Carangidae,Seriolina,nigrofasciata,,Seriolina nigrofasciata,Blackbanded trevally,37337014,1,No,852,276552,0.57,184.37,183.8,184.37,-11.852433,127.063716
NERP 2012,Oceanic Shoals,2,WP64,64,228766,152.5107,3H,150.658,WP64,Phil,Carcharhinidae,Carcharhinus,limbatus/sorrah/amblyrhynchoides,,Carcharhinus limbatus/sorrah/amblyrhynchoides,Blacktip/spottail/graceful complex,37018013,1,No,852,276552,0.57,184.37,183.8,184.37,-11.852433,127.063716
NERP 2012,Oceanic Shoals,2,WP64,64,55657,37.1047,3H,35.252,WP64,Phil,Echeneidae,Echeneis,naucrates,,Echeneis naucrates,Sharksucker,37336001,1,No,852,276552,0.57,184.37,183.8,184.37,-11.852433,127.063716
NERP 2012,Oceanic Shoals,2,WP64,64,13842,9.228,3H,7.3753,WP64,Phil,Monacanthidae,Paramonacanthus,filicauda,,Paramonacanthus filicauda,Threadfin leatherjacket,37465024,1,No,852,276552,0.57,184.37,183.8,184.37,-11.852433,127.063716
NERP 2012,Oceanic Shoals,2,WP65,65,229606,153.0707,3H,152.0687,WP65,Phil,Carangidae,Decapterus,sp1,sp,Decapterus sp,Scads,,30,No,485,263496,0.32,175.66,175.34,175.67,-11.868399,127.067616
NERP 2012,Oceanic Shoals,2,WP65,65,71229,47.486,3H,46.484,WP65,Phil,Carangidae,Seriolina,nigrofasciata,,Seriolina nigrofasciata,Blackbanded trevally,37337014,1,No,485,263496,0.32,175.66,175.34,175.67,-11.868399,127.067616
NERP 2012,Oceanic Shoals,2,WP66,66,208514,139.0093,3H,138.0473,WP66,Phil,Carangidae,Decapterus,sp1,sp,Decapterus sp,Scads,,8,No,479,267840,0.32,178.56,178.24,178.57,-11.865083,127.057283
NERP 2012,Oceanic Shoals,2,WP66,66,155999,103.9993,3H,103.0373,WP66,Phil,Carangidae,Seriolina,nigrofasciata,,Seriolina nigrofasciata,Blackbanded trevally,37337014,4,No,479,267840,0.32,178.56,178.24,178.57,-11.865083,127.057283
NERP 2012,Oceanic Shoals,2,WP66,66,42958,28.6387,3H,27.6767,WP66,Phil,Carcharhinidae,Carcharhinus,limbatus/sorrah/amblyrhynchoides,,Carcharhinus limbatus/sorrah/amblyrhynchoides,Blacktip/spottail/graceful complex,37018013,1,No,479,267840,0.32,178.56,178.24,178.57,-11.865083,127.057283
NERP 2012,Oceanic Shoals,2,WP67,67,173692,115.7947,3H,112.4053,WP67,Phil,Carangidae,Seriolina,nigrofasciata,,Seriolina nigrofasciata,Blackbanded trevally,37337014,2,No,4258,258247,2.84,172.16,169.33,172.17,-11.861833,127.045783
NERP 2012,Oceanic Shoals,2,WP67,67,138074,92.0493,3H,88.66,WP67,Phil,Monacanthidae,Aluterus,monoceros,,Aluterus monoceros,Unicorn leatherjacket,37465022,1,No,4258,258247,2.84,172.16,169.33,172.17,-11.861833,127.045783
NERP 2012,Oceanic Shoals,2,WP68,68,64629,43.086,3H,42.232,WP68,Phil,Carangidae,Decapterus,sp1,sp,Decapterus sp,Scads,,11,No,588,204443,0.39,136.3,135.9,136.3,-11.873733,127.046383
NERP 2012,Oceanic Shoals,2,WP68,68,29395,19.5967,3H,18.7427,WP68,Phil,Cheloniidae,Lepidochelys,olivacea,,Lepidochelys olivacea,Olive ridley turtle,1014,1,No,588,204443,0.39,136.3,135.9,136.3,-11.873733,127.046383
NERP 2012,Oceanic Shoals,2,WP68,68,139973,93.3153,3H,92.4613,WP68,Phil,Echeneidae,Echeneis,naucrates,,Echeneis naucrates,Sharksucker,37336001,1,Yes,588,204443,0.39,136.3,135.9,136.3,-11.873733,127.046383
NERP 2012,Oceanic Shoals,2,WP68,68,82996,55.3307,3H,54.4767,WP68,Phil,Monacanthidae,Aluterus,monoceros,,Aluterus monoceros,Unicorn leatherjacket,37465022,1,No,588,204443,0.39,136.3,135.9,136.3,-11.873733,127.046383
NERP 2012,Oceanic Shoals,2,WP69,69,189246,126.164,3H,125.386,WP69,Phil,Echeneidae,Echeneis,naucrates,,Echeneis naucrates,Sharksucker,37336001,1,No,487,269917,0.32,179.94,179.62,179.95,-11.870383,127.037566
NERP 2012,Oceanic Shoals,2,WP69,69,216582,144.388,3H,143.61,WP69,Phil,Monacanthidae,Aluterus,monoceros,,Aluterus monoceros,Unicorn leatherjacket,37465022,1,No,487,269917,0.32,179.94,179.62,179.95,-11.870383,127.037566
NERP 2012,Oceanic Shoals,2,WP69,69,166412,110.9413,3H,110.1633,WP69,Phil,Sphyrnidae,Sphyrna,lewini,,Sphyrna lewini,Scalloped hammerhead,37019001,1,No,487,269917,0.32,179.94,179.62,179.95,-11.870383,127.037566
NERP 2012,Oceanic Shoals,2,WP70,70,98544,65.696,3H,64.984,WP70,Phil,Carangidae,Decapterus,sp1,sp,Decapterus sp,Scads,,4,No,552,251963,0.37,167.98,167.61,167.97,-11.86755,127.024233
NERP 2012,Oceanic Shoals,2,WP70,70,96524,64.3493,3H,63.6373,WP70,Phil,Carcharhinidae,Carcharhinus,limbatus/sorrah/amblyrhynchoides,,Carcharhinus limbatus/sorrah/amblyrhynchoides,Blacktip/spottail/graceful complex,37018039,1,No,552,251963,0.37,167.98,167.61,167.97,-11.86755,127.024233
NERP 2012,Oceanic Shoals,2,WP70,70,215160,143.44,3H,142.728,WP70,Phil,Carcharhinidae,Carcharhinus,sp1,sp,Carcharhinus sp,Requiem sharks,,1,No,552,251963,0.37,167.98,167.61,167.97,-11.86755,127.024233
NERP 2012,Oceanic Shoals,2,WP70,70,136725,91.15,3H,90.438,WP70,Phil,Monacanthidae,Aluterus,monoceros,,Aluterus monoceros,Unicorn leatherjacket,37465022,1,No,552,251963,0.37,167.98,167.61,167.97,-11.86755,127.024233
NERP 2012,Oceanic Shoals,2,WP111,111,43014,28.676,3H,24.1273,WP111,Phil,Sphyrnidae,Sphyrna,lewini,,Sphyrna lewini,Scalloped hammerhead,37019001,1,No,5966,147201,3.98,98.13,94.16,98.65,-11.865599,127.10875
NERP 2012,Oceanic Shoals,2,WP112,112,105351,70.234,3H,66.2847,WP112,Phil,Carangidae,Atule,mate,,Atule mate,Yellowtail scad,37337024,1,No,5264,152379,3.51,101.59,98.08,102.2,-11.865333,127.095033
NERP 2012,Oceanic Shoals,2,WP112,112,116626,77.7507,3H,73.8013,WP112,Phil,Carangidae,Decapterus,sp1,sp,Decapterus sp,Scads,,3,No,5264,152379,3.51,101.59,98.08,102.2,-11.865333,127.095033
NERP 2012,Oceanic Shoals,2,WP112,112,132672,88.448,3H,84.4987,WP112,Phil,Carangidae,Seriolina,nigrofasciata,,Seriolina nigrofasciata,Blackbanded trevally,37337014,4,No,5264,152379,3.51,101.59,98.08,102.2,-11.865333,127.095033
NERP 2012,Oceanic Shoals,2,WP113,113,53366,35.5773,3H,30.964,WP113,Phil,Scombridae,Scomberomorus,commerson/semifasciatus,,Scomberomorus commerson/semifasciatus,Narrow/broad-barred Spanish mackerel,37441007,1,No,6003,177235,4,118.16,114.15,118.93,-11.8757,127.09
NERP 2012,Oceanic Shoals,2,WP114,114,127539,85.026,3H,84.058,WP114,Phil,Carangidae,Decapterus,sp1,sp,Decapterus sp,Scads,,44,No,913,149372,0.61,99.58,98.97,100.72,-11.874466,127.083583
NERP 2012,Oceanic Shoals,2,WP114,114,127267,84.8447,3H,83.8767,WP114,Phil,Cheloniidae,Lepidochelys,olivacea,,Lepidochelys olivacea,Olive ridley turtle,1014,1,No,913,149372,0.61,99.58,98.97,100.72,-11.874466,127.083583
NERP 2012,Oceanic Shoals,2,WP115,115,178323,118.882,3H,116.7087,WP115,Phil,Carangidae,Decapterus,sp1,sp,Decapterus sp,Scads,,4,No,1904,178742,1.27,119.16,117.89,119.55,-11.88115,127.08315
NERP 2012,Oceanic Shoals,2,WP115,115,160487,106.9913,3H,104.818,WP115,Phil,Carcharhinidae,Carcharhinus,sp1,sp,Carcharhinus sp,Requiem sharks,,1,No,1904,178742,1.27,119.16,117.89,119.55,-11.88115,127.08315
NERP 2012,Oceanic Shoals,2,WP116,116,159174,106.116,3H,103.854,WP116,Phil,Monacanthidae,Aluterus,monoceros,,Aluterus monoceros,Unicorn leatherjacket,37465022,1,No,1613,182736,1.08,121.82,120.75,123.47,-11.886316,127.078866
NERP 2012,Oceanic Shoals,2,WP117,117,52407,34.938,3H,32.276,WP117,Phil,Carangidae,Decapterus,sp1,sp,Decapterus sp,Scads,,17,No,3250,188805,2.17,125.87,123.7,126.9,-11.887083,127.068616
NERP 2012,Oceanic Shoals,2,WP118,118,35029,23.3527,3H,21.0047,WP118,Fernando,Carangidae,Decapterus,sp1,sp,Decapterus sp,Scads,,2,No,2853,192722,1.9,128.48,126.58,130.22,-11.882116,127.063766
NERP 2012,Oceanic Shoals,2,WP118,118,154512,103.008,3H,100.66,WP118,Fernando,Rachycentridae,Rachycentron,canadum,,Rachycentron canadum,Cobia,37335001,2,No,2853,192722,1.9,128.48,126.58,130.22,-11.882116,127.063766
NERP 2012,Oceanic Shoals,2,WP120,120,202648,135.0987,3H,132.608,WP120,Fernando,Carangidae,Decapterus,sp1,sp,Decapterus sp,Scads,,9,No,2500,203939,1.67,135.96,134.29,155.42,-11.885266,127.050066
NERP 2012,Oceanic Shoals,2,WP120,120,183634,122.4227,3H,119.932,WP120,Fernando,Monacanthidae,Aluterus,monoceros,,Aluterus monoceros,Unicorn leatherjacket,37465022,1,No,2500,203939,1.67,135.96,134.29,155.42,-11.885266,127.050066
NERP 2012,Oceanic Shoals,3,WP71,71,,,3H,,WP71,Lloyd,,,,,,,,,,3673,308907,2.45,205.94,203.49,205.93,-11.4463,126.910916
NERP 2012,Oceanic Shoals,3,WP72,72,151614,101.076,3H,99.8767,WP72,Lloyd,Carangidae,Seriolina,nigrofasciata,,Seriolina nigrofasciata,Blackbanded trevally,37337014,1,No,854,313286,0.57,208.86,208.29,208.87,-11.447966,126.92035
NERP 2012,Oceanic Shoals,3,WP72,72,244099,162.7327,3H,161.5333,WP72,Lloyd,Monacanthidae,Aluterus,monoceros,,Aluterus monoceros,Unicorn leatherjacket,37465022,1,No,854,313286,0.57,208.86,208.29,208.87,-11.447966,126.92035
NERP 2012,Oceanic Shoals,3,WP73,73,274256,182.8373,3H+,NA,WP73,Lloyd,Carangidae,Decapterus,sp1,sp,Decapterus sp,Scads,,2,No,1179,305352,0.79,203.57,202.78,203.57,-11.446666,126.9281
NERP 2012,Oceanic Shoals,3,WP73,73,137682,91.788,3H,90.3207,WP73,Lloyd,Monacanthidae,,sp1,sp,Monacanthidae sp,Leatherjackets,,1,No,1179,305352,0.79,203.57,202.78,203.57,-11.446666,126.9281
NERP 2012,Oceanic Shoals,3,WP74,74,258853,172.5687,3H,168.6347,WP74,Lloyd,Carangidae,Atule,mate,,Atule mate,Yellowtail scad,37337024,1,No,4125,302742,2.75,201.83,199.08,201.83,-11.448733,126.9411
NERP 2012,Oceanic Shoals,3,WP75,75,111810,74.54,3H,73.1633,WP75,Lloyd,Carangidae,,sp3,sp,Carangidae sp,Jacks and trevallies,,1,No,1424,297052,0.95,198.03,197.09,198.03,-11.439083,126.944633
NERP 2012,Oceanic Shoals,3,WP75,75,148701,99.134,3H,97.7573,WP75,Lloyd,Carangidae,Seriolina,nigrofasciata,,Seriolina nigrofasciata,Blackbanded trevally,37337014,2,No,1424,297052,0.95,198.03,197.09,198.03,-11.439083,126.944633
NERP 2012,Oceanic Shoals,3,WP75,75,178587,119.058,3H,117.6813,WP75,Lloyd,Carcharhinidae,Carcharhinus,limbatus/sorrah/amblyrhynchoides,,Carcharhinus limbatus/sorrah/amblyrhynchoides,Blacktip/spottail/graceful complex,37018013,1,No,1424,297052,0.95,198.03,197.09,198.03,-11.439083,126.944633
NERP 2012,Oceanic Shoals,3,WP75,75,282890,188.5933,3H+,NA,WP75,Lloyd,Echeneidae,Echeneis,naucrates,,Echeneis naucrates,Sharksucker,37336001,2,No,1424,297052,0.95,198.03,197.09,198.03,-11.439083,126.944633
NERP 2012,Oceanic Shoals,3,WP75,75,232406,154.9373,3H,153.5607,WP75,Lloyd,Monacanthidae,Aluterus,monoceros,,Aluterus monoceros,Unicorn leatherjacket,37465022,1,No,1424,297052,0.95,198.03,197.09,198.03,-11.439083,126.944633
NERP 2012,Oceanic Shoals,3,WP76,76,10816,7.2107,3H,5.7553,WP76,Lloyd,Monacanthidae,Pseudomonacanthus,peroni,,Pseudomonacanthus peroni,Pot-bellied leatherjacket,37465020,1,No,1562,287767,1.04,191.84,190.8,191.85,-11.431499,126.942333
NERP 2012,Oceanic Shoals,3,WP77,77,102389,68.2593,3H,64.6453,WP77,Lloyd,Carangidae,Decapterus,sp1,sp,Decapterus sp,Scads,,2,No,4602,295798,3.07,197.2,194.13,197.2,-11.419483,126.938016
NERP 2012,Oceanic Shoals,3,WP77,77,120846,80.564,3H,76.95,WP77,Lloyd,Echeneidae,Echeneis,naucrates,,Echeneis naucrates,Sharksucker,37336001,2,No,4602,295798,3.07,197.2,194.13,197.2,-11.419483,126.938016
NERP 2012,Oceanic Shoals,3,WP77,77,20480,13.6533,3H,10.0393,WP77,Lloyd,Scombridae,Acanthocybium,solandri,,Acanthocybium solandri,Wahoo,37441024,1,No,4602,295798,3.07,197.2,194.13,197.2,-11.419483,126.938016
NERP 2012,Oceanic Shoals,3,WP77,77,52628,35.0853,3H,31.4713,WP77,Lloyd,Sphyraenidae,Sphyraena,barracuda,,Sphyraena barracuda,Great barracuda,37382008,1,No,4602,295798,3.07,197.2,194.13,197.2,-11.419483,126.938016
NERP 2012,Oceanic Shoals,3,WP77,77,102534,68.356,3H,64.742,WP77,Lloyd,Sphyrnidae,Sphyrna,mokarran,,Sphyrna mokarran,Great hammerhead,37019002,1,No,4602,295798,3.07,197.2,194.13,197.2,-11.419483,126.938016
NERP 2012,Oceanic Shoals,3,WP78,78,131115,87.41,3H,85.076,WP78,Lloyd,Carangidae,Alectis,ciliaris,,Alectis ciliaris,African pompano,37337018,1,No,1274,304752,0.85,203.17,202.32,203.17,-11.417216,126.930516
NERP 2012,Oceanic Shoals,3,WP78,78,203426,135.6173,3H,133.2833,WP78,Lloyd,Carangidae,Decapterus,sp1,sp,Decapterus sp,Scads,,1,No,1274,304752,0.85,203.17,202.32,203.17,-11.417216,126.930516
NERP 2012,Oceanic Shoals,3,WP78,78,203426,135.6173,3H,133.2833,WP78,Lloyd,Carcharhinidae,Carcharhinus,limbatus/sorrah/amblyrhynchoides,,Carcharhinus limbatus/sorrah/amblyrhynchoides,Blacktip/spottail/graceful complex,37018039,1,No,1274,304752,0.85,203.17,202.32,203.17,-11.417216,126.930516
NERP 2012,Oceanic Shoals,3,WP78,78,83022,55.348,3H,53.014,WP78,Lloyd,Carcharhinidae,Carcharhinus,sp1,sp,Carcharhinus sp,Requiem sharks,,1,No,1274,304752,0.85,203.17,202.32,203.17,-11.417216,126.930516
NERP 2012,Oceanic Shoals,3,WP78,78,249652,166.4347,3H,164.1007,WP78,Lloyd,Monacanthidae,,sp1,sp,Monacanthidae sp,Leatherjackets,,1,No,1274,304752,0.85,203.17,202.32,203.17,-11.417216,126.930516
NERP 2012,Oceanic Shoals,3,WP78,78,279088,186.0587,3H+,NA,WP78,Lloyd,Monacanthidae,Aluterus,monoceros,,Aluterus monoceros,Unicorn leatherjacket,37465022,1,No,1274,304752,0.85,203.17,202.32,203.17,-11.417216,126.930516
NERP 2012,Oceanic Shoals,3,WP79,79,159481,106.3207,3H,103.6533,WP79,Lloyd,Carangidae,Seriolina,nigrofasciata,,Seriolina nigrofasciata,Blackbanded trevally,37337014,1,No,2306,327852,1.54,218.57,217.03,218.57,-11.423483,126.927016
NERP 2012,Oceanic Shoals,3,WP80,80,161151,107.434,3H,103.512,WP80,Luciana,Carangidae,,sp3,sp,Carangidae sp,Jacks and trevallies,,1,No,5319,303582,3.55,202.39,198.84,202.38,-11.434366,126.926766
NERP 2012,Oceanic Shoals,3,WP80,80,260995,173.9967,3H,170.0747,WP80,Luciana,Monacanthidae,Paramonacanthus,filicauda,,Paramonacanthus filicauda,Threadfin leatherjacket,37465024,1,No,5319,303582,3.55,202.39,198.84,202.38,-11.434366,126.926766
NERP 2012,Oceanic Shoals,3,WP81,81,113774,75.8493,3H,75.128,WP81,Luciana,Carangidae,Decapterus,sp1,sp,Decapterus sp,Scads,,1,No,673,310977,0.45,207.32,206.87,207.32,-11.44925,126.966333
NERP 2012,Oceanic Shoals,3,WP81,81,39356,26.2373,3H,25.516,WP81,Luciana,Carcharhinidae,Carcharhinus,limbatus/sorrah/amblyrhynchoides,,Carcharhinus limbatus/sorrah/amblyrhynchoides,Blacktip/spottail/graceful complex,37018039,1,No,673,310977,0.45,207.32,206.87,207.32,-11.44925,126.966333
NERP 2012,Oceanic Shoals,3,WP81,81,177388,118.2587,3H,117.5373,WP81,Luciana,Monacanthidae,Aluterus,monoceros,,Aluterus monoceros,Unicorn leatherjacket,37465022,1,No,673,310977,0.45,207.32,206.87,207.32,-11.44925,126.966333
NERP 2012,Oceanic Shoals,3,WP81,81,269239,179.4927,3H,178.7713,WP81,Luciana,Monacanthidae,Paramonacanthus,filicauda,,Paramonacanthus filicauda,Threadfin leatherjacket,37465024,1,No,673,310977,0.45,207.32,206.87,207.32,-11.44925,126.966333
NERP 2012,Oceanic Shoals,3,WP82,82,12579,8.386,3H,2.986,WP82,Fernando,Carangidae,Seriolina,nigrofasciata,,Seriolina nigrofasciata,Blackbanded trevally,37337014,1,No,6783,318997,4.52,212.66,208.14,212.67,-11.445449,126.950116
NERP 2012,Oceanic Shoals,3,WP82,82,296408,197.6053,3H+,NA,WP82,Fernando,Monacanthidae,,sp1,sp,Monacanthidae sp,Leatherjackets,,1,No,6783,318997,4.52,212.66,208.14,212.67,-11.445449,126.950116
NERP 2012,Oceanic Shoals,3,WP82,82,77385,51.59,3H,46.19,WP82,Fernando,Monacanthidae,Aluterus,monoceros,,Aluterus monoceros,Unicorn leatherjacket,37465022,1,No,6783,318997,4.52,212.66,208.14,212.67,-11.445449,126.950116
NERP 2012,Oceanic Shoals,3,WP82,82,144148,96.0987,3H,90.6987,WP82,Fernando,Sphyrnidae,Sphyrna,lewini,,Sphyrna lewini,Scalloped hammerhead,37019001,1,No,6783,318997,4.52,212.66,208.14,212.67,-11.445449,126.950116
NERP 2012,Oceanic Shoals,3,WP83,83,235475,156.9833,3H,155.692,WP83,Fernando,Monacanthidae,,sp1,sp,Monacanthidae sp,Leatherjackets,,1,No,1398,308007,0.93,205.34,204.41,205.33,-11.4373,126.950466
NERP 2012,Oceanic Shoals,3,WP84,84,198000,132,3H,130.9993,WP84,Lloyd,Carangidae,,sp4,sp,Carangidae sp,Jacks and trevallies,,1,No,463,294552,0.31,196.37,196.06,196.37,-11.431833,126.952066
NERP 2012,Oceanic Shoals,3,WP84,84,187613,125.0753,3H,124.0747,WP84,Lloyd,Carangidae,Decapterus,sp1,sp,Decapterus sp,Scads,,2,No,463,294552,0.31,196.37,196.06,196.37,-11.431833,126.952066
NERP 2012,Oceanic Shoals,3,WP84,84,220298,146.8653,3H,145.8647,WP84,Lloyd,Monacanthidae,,sp1,sp,Monacanthidae sp,Leatherjackets,,2,No,463,294552,0.31,196.37,196.06,196.37,-11.431833,126.952066
NERP 2012,Oceanic Shoals,3,WP85,85,262933,175.2887,3H,172.6213,WP85,Lloyd,Carangidae,,sp3,sp,Carangidae sp,Jacks and trevallies,,1,No,2768,296907,1.85,197.94,196.09,197.93,-11.425916,126.95905
NERP 2012,Oceanic Shoals,3,WP85,85,226001,150.6673,3H,148,WP85,Lloyd,Carangidae,Atule,mate,,Atule mate,Yellowtail scad,37337024,1,No,2768,296907,1.85,197.94,196.09,197.93,-11.425916,126.95905
NERP 2012,Oceanic Shoals,3,WP85,85,291889,194.5927,3H+,NA,WP85,Lloyd,Carangidae,Decapterus,sp1,sp,Decapterus sp,Scads,,1,No,2768,296907,1.85,197.94,196.09,197.93,-11.425916,126.95905
NERP 2012,Oceanic Shoals,3,WP85,85,255657,170.438,3H,167.7707,WP85,Lloyd,Nomeidae,Psenes,sp,,Psenes sp,Driftfish,37337007,1,No,2768,296907,1.85,197.94,196.09,197.93,-11.425916,126.95905
NERP 2012,Oceanic Shoals,3,WP85,85,262703,175.1353,3H,172.468,WP85,Lloyd,Monacanthidae,Aluterus,monoceros,,Aluterus monoceros,Unicorn leatherjacket,37465022,1,No,2768,296907,1.85,197.94,196.09,197.93,-11.425916,126.95905
NERP 2012,Oceanic Shoals,3,WP86,86,242106,161.404,3H,159.4,WP86,Suzie,Carangidae,,sp5,sp,Carangidae sp,Jacks and trevallies,,4,No,2209,288727,1.47,192.48,191.01,192.48,-11.432866,126.960516
NERP 2012,Oceanic Shoals,3,WP86,86,286090,190.7267,3H+,NA,WP86,Suzie,Carangidae,Atule,mate,,Atule mate,Yellowtail scad,37337024,1,No,2209,288727,1.47,192.48,191.01,192.48,-11.432866,126.960516
NERP 2012,Oceanic Shoals,3,WP86,86,196522,131.0147,3H,129.0107,WP86,Suzie,Carangidae,Decapterus,sp1,sp,Decapterus sp,Scads,,4,No,2209,288727,1.47,192.48,191.01,192.48,-11.432866,126.960516
NERP 2012,Oceanic Shoals,3,WP86,86,124450,82.9667,3H,80.9627,WP86,Suzie,Carcharhinidae,Carcharhinus,limbatus/sorrah/amblyrhynchoides,,Carcharhinus limbatus/sorrah/amblyrhynchoides,Blacktip/spottail/graceful complex,37018039,1,No,2209,288727,1.47,192.48,191.01,192.48,-11.432866,126.960516
NERP 2012,Oceanic Shoals,3,WP86,86,223550,149.0333,3H,147.0293,WP86,Suzie,Monacanthidae,Paramonacanthus,filicauda,,Paramonacanthus filicauda,Threadfin leatherjacket,37465024,7,No,2209,288727,1.47,192.48,191.01,192.48,-11.432866,126.960516
NERP 2012,Oceanic Shoals,3,WP87,87,35719,23.8127,3H,20.776,WP87,Suzie,Carangidae,Seriolina,nigrofasciata,,Seriolina nigrofasciata,Blackbanded trevally,37337014,1,No,3955,285582,2.64,190.39,187.75,190.38,-11.43695,126.970683
NERP 2012,Oceanic Shoals,3,WP87,87,19352,12.9013,3H,9.8647,WP87,Suzie,Carcharhinidae,Carcharhinus,limbatus/sorrah/amblyrhynchoides,,Carcharhinus limbatus/sorrah/amblyrhynchoides,Blacktip/spottail/graceful complex,37018039,1,No,3955,285582,2.64,190.39,187.75,190.38,-11.43695,126.970683
NERP 2012,Oceanic Shoals,3,WP87,87,269467,179.6447,3H,176.608,WP87,Suzie,Monacanthidae,Aluterus,monoceros,,Aluterus monoceros,Unicorn leatherjacket,37465022,6,No,3955,285582,2.64,190.39,187.75,190.38,-11.43695,126.970683
NERP 2012,Oceanic Shoals,3,WP88,88,261865,174.5767,3H,168.8433,WP88,Suzie,Carangidae,Decapterus,sp1,sp,Decapterus sp,Scads,,2,No,8007,303657,5.34,202.44,197.1,202.43,-11.43825,126.987383
NERP 2012,Oceanic Shoals,3,WP88,88,28472,18.9813,3H,13.248,WP88,Suzie,Carangidae,Seriolina,nigrofasciata,,Seriolina nigrofasciata,Blackbanded trevally,37337014,1,No,8007,303657,5.34,202.44,197.1,202.43,-11.43825,126.987383
NERP 2012,Oceanic Shoals,3,WP88,88,97924,65.2827,3H,59.5493,WP88,Suzie,Monacanthidae,Aluterus,monoceros,,Aluterus monoceros,Unicorn leatherjacket,37465022,1,No,8007,303657,5.34,202.44,197.1,202.43,-11.43825,126.987383
NERP 2012,Oceanic Shoals,3,WP89,89,45713,30.4753,3H,27.2247,WP89,Suzie,Carangidae,Decapterus,sp1,sp,Decapterus sp,Scads,,3,No,4276,329187,2.85,219.46,216.61,219.47,-11.42955,126.9952
NERP 2012,Oceanic Shoals,3,WP89,89,312304,208.2027,3H+,NA,WP89,Suzie,Monacanthidae,Aluterus,monoceros,,Aluterus monoceros,Unicorn leatherjacket,37465022,4,No,4276,329187,2.85,219.46,216.61,219.47,-11.42955,126.9952
NERP 2012,Oceanic Shoals,3,WP90,90,75217,50.1447,3H,47.1013,WP90,Suzie,Carangidae,Decapterus,sp1,sp,Decapterus sp,Scads,,3,No,3453,309972,2.3,206.65,204.35,206.65,-11.423616,126.98565
NERP 2012,Oceanic Shoals,3,WP90,90,278915,185.9433,3H+,NA,WP90,Suzie,Carangidae,Seriolina,nigrofasciata,,Seriolina nigrofasciata,Blackbanded trevally,37337014,2,No,3453,309972,2.3,206.65,204.35,206.65,-11.423616,126.98565
NERP 2012,Oceanic Shoals,3,WP90,90,151073,100.7153,3H,97.672,WP90,Suzie,Monacanthidae,,sp1,sp,Monacanthidae sp,Leatherjackets,,1,No,3453,309972,2.3,206.65,204.35,206.65,-11.423616,126.98565
NERP 2012,Oceanic Shoals,3,WP90,90,256754,171.1693,3H,168.126,WP90,Suzie,Monacanthidae,Aluterus,monoceros,,Aluterus monoceros,Unicorn leatherjacket,37465022,2,No,3453,309972,2.3,206.65,204.35,206.65,-11.423616,126.98565
NERP 2012,Oceanic Shoals,3,WP90,90,103481,68.9873,3H,65.944,WP90,Suzie,Monacanthidae,Paramonacanthus,filicauda,,Paramonacanthus filicauda,Threadfin leatherjacket,37465024,2,No,3453,309972,2.3,206.65,204.35,206.65,-11.423616,126.98565
NERP 2012,Oceanic Shoals,3,WP90,90,130839,87.226,3H,84.1827,WP90,Suzie,Sphyrnidae,Sphyrna,lewini,,Sphyrna lewini,Scalloped hammerhead,37019001,1,No,3453,309972,2.3,206.65,204.35,206.65,-11.423616,126.98565
NERP 2012,Oceanic Shoals,3,WP91,91,35273,23.5153,3H,22.322,WP91,Lu,Carangidae,,sp3,sp,Carangidae sp,Jacks and trevallies,,1,No,1374,309770,0.92,206.51,205.6,206.52,-11.413849,126.996416
NERP 2012,Oceanic Shoals,3,WP91,91,36449,24.2993,3H,23.106,WP91,Lu,Carangidae,Alectis,ciliaris,,Alectis ciliaris,African pompano,37337018,1,No,1374,309770,0.92,206.51,205.6,206.52,-11.413849,126.996416
NERP 2012,Oceanic Shoals,3,WP91,91,174583,116.3887,3H,115.1953,WP91,Lu,Carangidae,Decapterus,sp1,sp,Decapterus sp,Scads,,11,No,1374,309770,0.92,206.51,205.6,206.52,-11.413849,126.996416
NERP 2012,Oceanic Shoals,3,WP91,91,156659,104.4393,3H,103.246,WP91,Lu,Monacanthidae,Aluterus,monoceros,,Aluterus monoceros,Unicorn leatherjacket,37465022,5,No,1374,309770,0.92,206.51,205.6,206.52,-11.413849,126.996416
NERP 2012,Oceanic Shoals,3,WP92,92,152271,101.514,3H,99.5133,WP92,Lloyd,Carangidae,Decapterus,sp1,sp,Decapterus sp,Scads,,14,No,1488,306657,0.99,204.44,203.45,204.43,-11.411833,126.986183
NERP 2012,Oceanic Shoals,3,WP92,92,142542,95.028,3H,93.0273,WP92,Lloyd,Carcharhinidae,Carcharhinus,limbatus/sorrah/amblyrhynchoides,,Carcharhinus limbatus/sorrah/amblyrhynchoides,Blacktip/spottail/graceful complex,37018039,1,No,1488,306657,0.99,204.44,203.45,204.43,-11.411833,126.986183
NERP 2012,Oceanic Shoals,3,WP92,92,141857,94.5713,3H,92.5707,WP92,Lloyd,Monacanthidae,Aluterus,monoceros,,Aluterus monoceros,Unicorn leatherjacket,37465022,2,No,1488,306657,0.99,204.44,203.45,204.43,-11.411833,126.986183
NERP 2012,Oceanic Shoals,3,WP92,92,12715,8.4767,3H,6.476,WP92,Lloyd,Monacanthidae,Paramonacanthus,filicauda,,Paramonacanthus filicauda,Threadfin leatherjacket,37465024,1,No,1488,306657,0.99,204.44,203.45,204.43,-11.411833,126.986183
NERP 2012,Oceanic Shoals,3,WP93,93,145518,97.012,3H,94.678,WP93,Lloyd,Carangidae,Alectis,ciliaris,,Alectis ciliaris,African pompano,37337018,1,No,1934,302407,1.29,201.6,200.32,201.6,-11.417716,126.980083
NERP 2012,Oceanic Shoals,3,WP93,93,288855,192.57,3H+,NA,WP93,Lloyd,Carangidae,Atule,mate,,Atule mate,Yellowtail scad,37337024,1,No,1934,302407,1.29,201.6,200.32,201.6,-11.417716,126.980083
NERP 2012,Oceanic Shoals,3,WP93,93,125155,83.4367,3H,81.1027,WP93,Lloyd,Carangidae,Decapterus,sp1,sp,Decapterus sp,Scads,,8,No,1934,302407,1.29,201.6,200.32,201.6,-11.417716,126.980083
NERP 2012,Oceanic Shoals,3,WP93,93,83714,55.8093,3H,53.4753,WP93,Lloyd,Carcharhinidae,Carcharhinus,limbatus/sorrah/amblyrhynchoides,,Carcharhinus limbatus/sorrah/amblyrhynchoides,Blacktip/spottail/graceful complex,37018039,1,No,1934,302407,1.29,201.6,200.32,201.6,-11.417716,126.980083
NERP 2012,Oceanic Shoals,3,WP93,93,81591,54.394,3H,52.06,WP93,Lloyd,Carcharhinidae,Carcharhinus,sp1,sp,Carcharhinus sp,Requiem sharks,,1,No,1934,302407,1.29,201.6,200.32,201.6,-11.417716,126.980083
NERP 2012,Oceanic Shoals,3,WP93,93,224676,149.784,3H,147.45,WP93,Lloyd,Istiophoridae,Istiompax,indica,,Istiompax indica,Black Marlin,37444006,1,No,1934,302407,1.29,201.6,200.32,201.6,-11.417716,126.980083
NERP 2012,Oceanic Shoals,3,WP93,93,244871,163.2473,3H,160.9133,WP93,Lloyd,Monacanthidae,,sp1,sp,Monacanthidae sp,Leatherjackets,,2,No,1934,302407,1.29,201.6,200.32,201.6,-11.417716,126.980083
NERP 2012,Oceanic Shoals,3,WP93,93,29595,19.73,3H,17.396,WP93,Lloyd,Monacanthidae,Aluterus,monoceros,,Aluterus monoceros,Unicorn leatherjacket,37465022,1,No,1934,302407,1.29,201.6,200.32,201.6,-11.417716,126.980083
NERP 2012,Oceanic Shoals,3,WP93,93,262042,174.6947,3H,172.3607,WP93,Lloyd,Monacanthidae,Paramonacanthus,filicauda,,Paramonacanthus filicauda,Threadfin leatherjacket,37465024,2,No,1934,302407,1.29,201.6,200.32,201.6,-11.417716,126.980083
NERP 2012,Oceanic Shoals,3,WP94,94,77358,51.572,3H,47.9047,WP94,Lloyd,Carangidae,,sp3,sp,Carangidae sp,Jacks and trevallies,,1,No,6376,311967,4.25,207.98,203.73,207.98,-11.4259,126.971866
NERP 2012,Oceanic Shoals,3,WP94,94,135719,90.4793,3H,86.812,WP94,Lloyd,Carangidae,Carangoides,sp1,sp,Carangoides sp,Jacks,,1,No,6376,311967,4.25,207.98,203.73,207.98,-11.4259,126.971866
NERP 2012,Oceanic Shoals,3,WP94,94,83917,55.9447,3H,52.2773,WP94,Lloyd,Carangidae,Decapterus,sp1,sp,Decapterus sp,Scads,,3,No,6376,311967,4.25,207.98,203.73,207.98,-11.4259,126.971866
NERP 2012,Oceanic Shoals,3,WP94,94,26359,17.5727,3H,13.9053,WP94,Lloyd,Monacanthidae,,sp1,sp,Monacanthidae sp,Leatherjackets,,1,No,6376,311967,4.25,207.98,203.73,207.98,-11.4259,126.971866
NERP 2012,Oceanic Shoals,3,WP94,94,259849,173.2327,3H,169.5653,WP94,Lloyd,Monacanthidae,Aluterus,monoceros,,Aluterus monoceros,Unicorn leatherjacket,37465022,3,No,6376,311967,4.25,207.98,203.73,207.98,-11.4259,126.971866
NERP 2012,Oceanic Shoals,3,WP94,94,235686,157.124,3H,153.4567,WP94,Lloyd,Monacanthidae,Paramonacanthus,filicauda,,Paramonacanthus filicauda,Threadfin leatherjacket,37465024,1,No,6376,311967,4.25,207.98,203.73,207.98,-11.4259,126.971866
NERP 2012,Oceanic Shoals,3,WP95,95,93280,62.1867,3H,59.186,WP95,Lloyd,Carangidae,Decapterus,sp1,sp,Decapterus sp,Scads,,6,No,3717,316392,2.48,210.93,208.45,210.93,-11.416449,126.962733
NERP 2012,Oceanic Shoals,3,WP95,95,108689,72.4593,3H,69.4587,WP95,Lloyd,Carcharhinidae,Carcharhinus,sp1,sp,Carcharhinus sp,Requiem sharks,,1,No,3717,316392,2.48,210.93,208.45,210.93,-11.416449,126.962733
NERP 2012,Oceanic Shoals,3,WP95,95,97377,64.918,3H,61.9173,WP95,Lloyd,Echeneidae,Echeneis,naucrates,,Echeneis naucrates,Sharksucker,37336001,1,Yes,3717,316392,2.48,210.93,208.45,210.93,-11.416449,126.962733
NERP 2012,Oceanic Shoals,3,WP95,95,141211,94.1407,3H,91.14,WP95,Lloyd,Monacanthidae,Paramonacanthus,filicauda,,Paramonacanthus filicauda,Threadfin leatherjacket,37465024,1,No,3717,316392,2.48,210.93,208.45,210.93,-11.416449,126.962733
NERP 2012,Oceanic Shoals,3,WP96,96,278115,185.41,3H+,NA,WP96,Lloyd,Carangidae,Decapterus,sp1,sp,Decapterus sp,Scads,,11,No,2717,287790,1.81,191.86,190.05,191.87,-11.409383,126.96525
NERP 2012,Oceanic Shoals,3,WP96,96,194847,129.898,3H,126.2307,WP96,Lloyd,Monacanthidae,,sp1,sp,Monacanthidae sp,Leatherjackets,,1,No,2717,287790,1.81,191.86,190.05,191.87,-11.409383,126.96525
NERP 2012,Oceanic Shoals,3,WP96,96,158701,105.8007,3H,102.1333,WP96,Lloyd,Monacanthidae,Paramonacanthus,filicauda,,Paramonacanthus filicauda,Threadfin leatherjacket,37465024,1,No,2717,287790,1.81,191.86,190.05,191.87,-11.409383,126.96525
NERP 2012,Oceanic Shoals,3,WP97,97,206321,137.5473,3H,133.88,WP97,Lloyd,Carangidae,Decapterus,sp1,sp,Decapterus sp,Scads,,8,No,3259,300898,2.17,200.6,198.43,200.6,-11.402049,126.971633
NERP 2012,Oceanic Shoals,3,WP97,97,219287,146.1913,3H,142.524,WP97,Lloyd,Monacanthidae,Paramonacanthus,filicauda,,Paramonacanthus filicauda,Threadfin leatherjacket,37465024,4,No,3259,300898,2.17,200.6,198.43,200.6,-11.402049,126.971633
NERP 2012,Oceanic Shoals,3,WP98,98,160945,107.2967,3H,106.1907,WP98,Phil,Carangidae,Decapterus,sp1,sp,Decapterus sp,Scads,,33,No,1017,300932,0.68,200.62,199.94,200.62,-11.395883,126.973783
NERP 2012,Oceanic Shoals,3,WP98,98,232358,154.9053,3H,153.7993,WP98,Phil,Monacanthidae,,sp1,sp,Monacanthidae sp,Leatherjackets,,6,No,1017,300932,0.68,200.62,199.94,200.62,-11.395883,126.973783
NERP 2012,Oceanic Shoals,3,WP98,98,230089,153.3927,3H,152.2867,WP98,Phil,Monacanthidae,Aluterus,monoceros,,Aluterus monoceros,Unicorn leatherjacket,37465022,1,No,1017,300932,0.68,200.62,199.94,200.62,-11.395883,126.973783
NERP 2012,Oceanic Shoals,3,WP98,98,82846,55.2307,3H,54.1247,WP98,Phil,Monacanthidae,Paramonacanthus,filicauda,,Paramonacanthus filicauda,Threadfin leatherjacket,37465024,2,No,1017,300932,0.68,200.62,199.94,200.62,-11.395883,126.973783
NERP 2012,Oceanic Shoals,3,WP99,99,108852,72.568,3H,66.5787,WP99,Phil,Carangidae,,sp3,sp,Carangidae sp,Jacks and trevallies,,2,No,8112,294507,5.41,196.34,190.93,196.33,-11.397183,126.989166
NERP 2012,Oceanic Shoals,3,WP99,99,110022,73.348,3H,67.3587,WP99,Phil,Carangidae,Atule,mate,,Atule mate,Yellowtail scad,37337024,2,No,8112,294507,5.41,196.34,190.93,196.33,-11.397183,126.989166
NERP 2012,Oceanic Shoals,3,WP99,99,278144,185.4293,3H,179.44,WP99,Phil,Carangidae,Decapterus,sp1,sp,Decapterus sp,Scads,,67,No,8112,294507,5.41,196.34,190.93,196.33,-11.397183,126.989166
NERP 2012,Oceanic Shoals,3,WP99,99,154132,102.7547,3H,96.7653,WP99,Phil,Monacanthidae,,sp1,sp,Monacanthidae sp,Leatherjackets,,2,No,8112,294507,5.41,196.34,190.93,196.33,-11.397183,126.989166
NERP 2012,Oceanic Shoals,3,WP99,99,73544,49.0293,3H,43.04,WP99,Phil,Monacanthidae,Paramonacanthus,filicauda,,Paramonacanthus filicauda,Threadfin leatherjacket,37465024,1,No,8112,294507,5.41,196.34,190.93,196.33,-11.397183,126.989166
NERP 2012,Oceanic Shoals,3,WP100,100,200809,133.8727,3H,131.5467,WP100,Phil,Carangidae,Decapterus,sp1,sp,Decapterus sp,Scads,,21,No,2619,320277,1.75,213.52,211.77,213.52,-11.402416,126.995833
NERP 2012,Oceanic Shoals,3,WP100,100,79944,53.296,3H,50.97,WP100,Phil,Cheloniidae,Lepidochelys,olivacea,,Lepidochelys olivacea,Olive ridley turtle,1014,1,No,2619,320277,1.75,213.52,211.77,213.52,-11.402416,126.995833
NERP 2012,Oceanic Shoals,3,WP100,100,200683,133.7887,3H,131.4627,WP100,Phil,Monacanthidae,,sp1,sp,Monacanthidae sp,Leatherjackets,,1,No,2619,320277,1.75,213.52,211.77,213.52,-11.402416,126.995833
NERP 2012,Oceanic Shoals,3,WP100,100,204371,136.2473,3H,133.9213,WP100,Phil,Monacanthidae,Paramonacanthus,filicauda,,Paramonacanthus filicauda,Threadfin leatherjacket,37465024,5,Yes,2619,320277,1.75,213.52,211.77,213.52,-11.402416,126.995833
NERP 2012,Oceanic Shoals,3,WP101,101,125438,83.6253,3H,82.3573,WP101,Phil,Carangidae,Decapterus,sp1,sp,Decapterus sp,Scads,,3,No,1230,298323,0.82,198.88,198.06,198.88,-11.416749,126.90805
NERP 2012,Oceanic Shoals,3,WP101,101,269254,179.5027,3H,178.2347,WP101,Phil,Carcharhinidae,Carcharhinus,sp1,sp,Carcharhinus sp,Requiem sharks,,1,No,1230,298323,0.82,198.88,198.06,198.88,-11.416749,126.90805
NERP 2012,Oceanic Shoals,3,WP101,101,117675,78.45,3H,77.182,WP101,Phil,Istiophoridae,Istiompax,indica,,Istiompax indica,Black Marlin,37444006,1,No,1230,298323,0.82,198.88,198.06,198.88,-11.416749,126.90805
NERP 2012,Oceanic Shoals,3,WP101,101,163693,109.1287,3H,107.8607,WP101,Phil,Monacanthidae,,sp1,sp,Monacanthidae sp,Leatherjackets,,1,No,1230,298323,0.82,198.88,198.06,198.88,-11.416749,126.90805
NERP 2012,Oceanic Shoals,3,WP102,102,226634,151.0893,3H,147.9727,WP102,Phil,Carangidae,Decapterus,sp1,sp,Decapterus sp,Scads,,17,No,3788,320727,2.53,213.82,211.29,213.82,-11.403533,126.9079
NERP 2012,Oceanic Shoals,3,WP102,102,315823,210.5487,3H+,NA,WP102,Phil,Carangidae,Seriolina,nigrofasciata,,Seriolina nigrofasciata,Blackbanded trevally,37337014,2,No,3788,320727,2.53,213.82,211.29,213.82,-11.403533,126.9079
NERP 2012,Oceanic Shoals,3,WP102,102,270301,180.2007,3H,177.084,WP102,Phil,Monacanthidae,Aluterus,monoceros,,Aluterus monoceros,Unicorn leatherjacket,37465022,1,No,3788,320727,2.53,213.82,211.29,213.82,-11.403533,126.9079
NERP 2012,Oceanic Shoals,3,WP103,103,142871,95.2473,3H,93.386,WP103,Phil,Carangidae,Decapterus,sp1,sp,Decapterus sp,Scads,,4,No,1880,296570,1.25,197.71,196.46,197.72,-11.39535,126.90865
NERP 2012,Oceanic Shoals,3,WP103,103,275560,183.7067,3H+,NA,WP103,Phil,Carangidae,Seriolina,nigrofasciata,,Seriolina nigrofasciata,Blackbanded trevally,37337014,2,No,1880,296570,1.25,197.71,196.46,197.72,-11.39535,126.90865
NERP 2012,Oceanic Shoals,3,WP103,103,143041,95.3607,3H,93.4993,WP103,Phil,Echeneidae,Echeneis,naucrates,,Echeneis naucrates,Sharksucker,37336001,2,Yes,1880,296570,1.25,197.71,196.46,197.72,-11.39535,126.90865
NERP 2012,Oceanic Shoals,3,WP103,103,247520,165.0133,3H,163.152,WP103,Phil,Monacanthidae,Aluterus,monoceros,,Aluterus monoceros,Unicorn leatherjacket,37465022,2,No,1880,296570,1.25,197.71,196.46,197.72,-11.39535,126.90865
NERP 2012,Oceanic Shoals,3,WP103,103,61737,41.158,3H,39.2967,WP103,Phil,Sphyrnidae,Sphyrna,lewini,,Sphyrna lewini,Scalloped hammerhead,37019001,1,No,1880,296570,1.25,197.71,196.46,197.72,-11.39535,126.90865
NERP 2012,Oceanic Shoals,3,WP104,104,177803,118.5353,3H,116.1787,WP104,Phil,Carangidae,,sp5,sp,Carangidae sp,Jacks and trevallies,,1,No,3053,298601,2.04,199.07,197.03,199.07,-11.392916,126.9189
NERP 2012,Oceanic Shoals,3,WP104,104,283199,188.7993,3H+,NA,WP104,Phil,Carangidae,Decapterus,sp1,sp,Decapterus sp,Scads,,1,No,3053,298601,2.04,199.07,197.03,199.07,-11.392916,126.9189
NERP 2012,Oceanic Shoals,3,WP104,104,283017,188.678,3H+,NA,WP104,Phil,Carcharhinidae,Carcharhinus,limbatus/sorrah/amblyrhynchoides,,Carcharhinus limbatus/sorrah/amblyrhynchoides,Blacktip/spottail/graceful complex,37018039,1,No,3053,298601,2.04,199.07,197.03,199.07,-11.392916,126.9189
NERP 2012,Oceanic Shoals,3,WP104,104,155899,103.9327,3H,101.576,WP104,Phil,Monacanthidae,Aluterus,monoceros,,Aluterus monoceros,Unicorn leatherjacket,37465022,3,No,3053,298601,2.04,199.07,197.03,199.07,-11.392916,126.9189
NERP 2012,Oceanic Shoals,3,WP104,104,84697,56.4647,3H,54.108,WP104,Phil,Sphyrnidae,Sphyrna,lewini,,Sphyrna lewini,Scalloped hammerhead,37019001,1,No,3053,298601,2.04,199.07,197.03,199.07,-11.392916,126.9189
NERP 2012,Oceanic Shoals,3,WP105,105,102891,68.594,3H,64.0507,WP105,Phil,Carangidae,Decapterus,sp1,sp,Decapterus sp,Scads,,1,No,5865,314770,3.91,209.85,205.94,209.83,-11.394083,126.9322
NERP 2012,Oceanic Shoals,3,WP105,105,103956,69.304,3H,64.7607,WP105,Phil,Carcharhinidae,Carcharhinus,limbatus/sorrah/amblyrhynchoides,,Carcharhinus limbatus/sorrah/amblyrhynchoides,Blacktip/spottail/graceful complex,37018039,2,No,5865,314770,3.91,209.85,205.94,209.83,-11.394083,126.9322
NERP 2012,Oceanic Shoals,3,WP105,105,177394,118.2627,3H,113.7193,WP105,Phil,Monacanthidae,Aluterus,monoceros,,Aluterus monoceros,Unicorn leatherjacket,37465022,12,No,5865,314770,3.91,209.85,205.94,209.83,-11.394083,126.9322
NERP 2012,Oceanic Shoals,3,WP106,106,263008,175.3387,3H,168.766,WP106,Phil,Carangidae,Carangoides,armatus,,Carangoides armatus,Longfin trevally,99123,1,No,9265,307751,6.18,205.17,198.99,205.17,-11.402216,126.94805
NERP 2012,Oceanic Shoals,3,WP106,106,108678,72.452,3H,65.8793,WP106,Phil,Carangidae,Decapterus,sp1,sp,Decapterus sp,Scads,,5,No,9265,307751,6.18,205.17,198.99,205.17,-11.402216,126.94805
NERP 2012,Oceanic Shoals,3,WP106,106,146630,97.7533,3H,91.1807,WP106,Phil,Monacanthidae,Aluterus,monoceros,,Aluterus monoceros,Unicorn leatherjacket,37465022,4,No,9265,307751,6.18,205.17,198.99,205.17,-11.402216,126.94805
NERP 2012,Oceanic Shoals,3,WP106,106,118117,78.7447,3H,72.172,WP106,Phil,Monacanthidae,Paramonacanthus,filicauda,,Paramonacanthus filicauda,Threadfin leatherjacket,37465024,1,No,9265,307751,6.18,205.17,198.99,205.17,-11.402216,126.94805
NERP 2012,Oceanic Shoals,3,WP107,107,86328,57.552,3H,53.722,WP107,Phil,Carangidae,Seriolina,nigrofasciata,,Seriolina nigrofasciata,Blackbanded trevally,37337014,1,No,5261,310676,3.51,207.12,203.61,207.12,-11.412716,126.952633
NERP 2012,Oceanic Shoals,3,WP107,107,206310,137.54,3H,133.71,WP107,Phil,Monacanthidae,Aluterus,monoceros,,Aluterus monoceros,Unicorn leatherjacket,37465022,2,No,5261,310676,3.51,207.12,203.61,207.12,-11.412716,126.952633
NERP 2012,Oceanic Shoals,3,WP108,108,287206,191.4707,3H+,NA,WP108,Phil,Carangidae,Decapterus,sp1,sp,Decapterus sp,Scads,,69,No,578,301256,0.39,200.84,200.45,200.83,-11.4248,126.934383
NERP 2012,Oceanic Shoals,3,WP108,108,90086,60.0573,3H,59.3313,WP108,Phil,Carcharhinidae,Carcharhinus,limbatus/sorrah/amblyrhynchoides,,Carcharhinus limbatus/sorrah/amblyrhynchoides,Blacktip/spottail/graceful complex,37018039,4,Yes,578,301256,0.39,200.84,200.45,200.83,-11.4248,126.934383
NERP 2012,Oceanic Shoals,3,WP108,108,294354,196.236,3H+,NA,WP108,Phil,Scombridae,Scomberomorus,commerson/semifasciatus,,Scomberomorus commerson/semifasciatus,Narrow/broad-barred Spanish mackerel,37441007,3,No,578,301256,0.39,200.84,200.45,200.83,-11.4248,126.934383
NERP 2012,Oceanic Shoals,3,WP109,109,262704,175.136,3H,169.748,WP109,Phil,Carangidae,Decapterus,sp1,sp,Decapterus sp,Scads,,19,No,7056,304871,4.7,203.25,198.54,203.25,-11.412049,126.923483
NERP 2012,Oceanic Shoals,3,WP109,109,66529,44.3527,3H,38.9647,WP109,Phil,Carcharhinidae,Carcharhinus,limbatus/sorrah/amblyrhynchoides,,Carcharhinus limbatus/sorrah/amblyrhynchoides,Blacktip/spottail/graceful complex,37018039,1,No,7056,304871,4.7,203.25,198.54,203.25,-11.412049,126.923483
NERP 2012,Oceanic Shoals,3,WP109,109,112090,74.7267,3H,69.3387,WP109,Phil,Monacanthidae,Aluterus,monoceros,,Aluterus monoceros,Unicorn leatherjacket,37465022,1,No,7056,304871,4.7,203.25,198.54,203.25,-11.412049,126.923483
NERP 2012,Oceanic Shoals,3,WP110,110,219721,146.4807,3H,145.144,WP110,Phil,Carangidae,Carangoides,armatus,,Carangoides armatus,Longfin trevally,99123,2,No,958,299390,0.64,199.59,198.95,199.58,-11.407966,126.925916
NERP 2012,Oceanic Shoals,3,WP110,110,157486,104.9907,3H,103.654,WP110,Phil,Carangidae,Decapterus,sp1,sp,Decapterus sp,Scads,,4,No,958,299390,0.64,199.59,198.95,199.58,-11.407966,126.925916
NERP 2012,Oceanic Shoals,3,WP110,110,33268,22.1787,3H,20.842,WP110,Phil,Carcharhinidae,Carcharhinus,limbatus/sorrah/amblyrhynchoides,,Carcharhinus limbatus/sorrah/amblyrhynchoides,Blacktip/spottail/graceful complex,37018039,1,No,958,299390,0.64,199.59,198.95,199.58,-11.407966,126.925916
NERP 2012,Oceanic Shoals,3,WP110,110,292453,194.9687,3H+,NA,WP110,Phil,Monacanthidae,Aluterus,monoceros,,Aluterus monoceros,Unicorn leatherjacket,37465022,3,No,958,299390,0.64,199.59,198.95,199.58,-11.407966,126.925916
NERP 2012,Oceanic Shoals,3,WP110,110,291851,194.5673,3H+,NA,WP110,Phil,Scombridae,Scomberomorus,commerson/semifasciatus,,Scomberomorus commerson/semifasciatus,Narrow/broad-barred Spanish mackerel,37441007,1,No,958,299390,0.64,199.59,198.95,199.58,-11.407966,126.925916